,price_group,prediction
72225,1,1
71544,0,0
2389,0,0
68263,1,1
30632,0,0
76909,2,1
55633,2,2
80947,2,0
77886,1,1
57769,0,0
59452,2,2
30637,2,2
13666,2,1
71961,0,0
78650,0,2
62188,2,1
47369,0,2
27640,2,1
47275,2,2
27629,0,0
63336,2,2
56960,1,1
60127,1,1
64071,2,0
57472,2,2
50076,0,0
23137,0,0
30275,0,0
36269,1,1
71047,0,0
608,0,0
35527,2,2
52993,1,1
42314,0,0
53164,0,0
47126,0,0
41893,0,1
51726,2,2
69890,0,0
50494,2,0
50258,2,0
71965,1,1
32241,1,1
31473,1,1
37426,2,1
27185,0,0
58590,0,0
69720,0,2
22402,2,2
27211,0,0
22554,1,1
58602,1,1
47312,0,0
30330,0,0
54437,1,1
75107,2,1
44875,1,1
33889,1,1
58352,2,0
60583,1,1
53593,2,2
2538,1,1
28395,2,0
72208,1,2
27520,1,1
55954,1,1
39370,0,2
20340,1,0
27497,0,0
10255,1,1
30963,2,1
64037,0,0
73577,1,1
1210,1,1
47978,0,0
47177,2,2
62669,0,2
68268,2,2
24276,0,0
4183,0,2
68655,2,2
54243,0,0
18110,1,1
42577,0,0
76214,1,1
53038,0,2
36866,2,2
39524,2,2
72189,0,0
28551,2,2
18002,0,0
38569,2,2
46017,0,0
22997,0,0
58627,2,0
33632,0,0
7261,1,1
32438,2,1
78031,0,0
24912,1,1
48462,1,1
67362,0,0
55593,2,2
57772,2,2
38522,0,0
68385,1,1
72216,2,0
68491,0,2
60226,2,0
30076,1,2
13930,2,0
30007,1,1
21859,2,2
17111,2,2
65852,2,0
70104,2,1
79610,1,1
70349,1,1
39493,1,1
43815,0,2
45494,2,2
75280,2,1
40684,1,1
3095,0,0
60114,1,1
24389,1,1
52751,1,1
55484,0,0
25141,1,1
66738,2,0
37236,1,1
75399,0,0
77511,0,0
36229,0,0
24402,0,2
16033,1,2
72231,2,0
59754,0,0
69078,2,0
10637,1,1
36131,1,2
23561,0,0
81197,0,2
23125,0,0
58369,0,0
36676,0,0
51831,0,0
65251,2,0
51405,0,0
36836,0,0
18814,2,1
33989,2,0
72630,1,1
53281,2,2
23533,2,1
3084,1,2
72111,0,0
47469,2,0
75387,0,2
34646,0,0
60361,2,1
22671,2,2
57011,1,0
40531,1,1
76644,0,0
34403,1,1
34566,1,2
53263,1,1
38675,0,0
22446,1,1
63414,1,1
35335,1,2
79953,0,0
80498,2,2
47582,0,0
75185,1,1
77077,2,1
32874,1,1
61497,1,1
39858,1,1
43145,0,0
75803,0,0
32698,0,0
57900,1,1
7259,1,1
48082,0,0
76132,0,0
53784,2,2
47634,0,0
55751,0,2
72204,2,2
20049,2,1
32837,0,1
30039,2,0
77334,2,1
72544,1,2
22657,0,2
62518,0,2
57610,0,0
67296,1,1
74489,0,0
3975,0,0
72134,2,2
73365,0,0
58101,0,2
50249,2,0
41733,2,0
65322,0,0
61940,0,0
78312,2,2
57065,1,1
9321,0,0
52284,1,1
28462,0,0
33394,2,0
29836,1,1
57450,2,0
53325,0,2
62955,0,2
43379,2,0
69494,0,0
45486,0,0
25645,0,0
22454,1,2
75451,0,0
34484,1,1
71549,1,1
36490,2,0
70267,0,0
73282,0,0
36038,2,2
30751,1,1
26570,0,0
37358,2,2
29492,0,0
40784,0,0
49508,2,0
37029,0,0
50954,1,1
72612,0,0
81695,2,1
63125,1,1
23028,2,2
6139,2,1
67078,2,2
126,0,0
25701,0,0
51503,1,1
46704,2,2
67449,2,2
70008,2,0
18879,0,0
49652,0,0
37648,2,2
31198,1,1
46876,2,2
32537,1,1
25010,1,1
59995,0,0
59703,1,1
67934,2,2
64135,0,0
22608,1,1
27668,0,0
17094,0,0
28966,0,0
60892,1,1
64595,1,1
68859,1,1
2705,1,1
79215,2,2
26897,1,1
40039,0,0
40807,0,0
46002,2,0
25598,0,0
47746,1,1
67267,1,1
8785,1,1
35071,2,2
37607,1,1
79665,1,1
57371,1,1
61035,1,1
34218,0,0
43943,1,1
10654,0,2
61385,0,0
6996,1,1
29094,0,0
79446,2,0
23819,2,1
73469,0,2
71595,1,1
1363,0,2
54889,2,0
6826,0,0
76863,2,2
13573,1,1
41294,1,1
55493,0,0
60643,0,0
54391,1,1
59549,1,2
70023,0,0
71797,0,0
67883,1,1
8751,1,1
36951,2,2
21493,0,0
42182,1,1
73742,2,1
41478,2,0
62831,2,1
60777,0,0
60874,2,1
51602,0,0
58148,0,0
67208,0,0
24,1,1
72063,1,1
6931,0,0
46682,1,1
72859,1,1
29728,1,1
26030,1,1
36561,0,0
35327,0,0
39166,1,1
24869,1,1
65347,1,1
53338,1,1
28125,1,1
48953,2,0
49670,1,1
57441,0,0
50770,2,2
81297,2,1
71716,1,1
57985,2,1
71694,1,1
39018,0,0
57367,1,1
77623,1,1
65680,0,0
39147,1,1
32406,0,0
27487,0,0
59921,0,2
26940,0,0
23403,1,1
57977,0,0
53889,2,2
50382,2,0
77542,0,0
42913,0,0
73156,0,2
73615,0,0
67217,0,0
73992,2,1
23300,2,2
33222,1,1
7011,1,1
20075,0,0
44829,1,1
79718,0,0
28699,0,0
57883,2,2
58373,1,1
24029,2,2
73720,1,1
71236,2,0
64471,0,0
59326,1,1
74080,2,0
23643,2,1
71257,0,0
59316,1,1
33038,0,0
66289,1,1
69139,1,1
36029,0,0
60978,0,0
60390,1,1
58481,2,2
39285,0,0
59261,0,0
44902,0,0
73490,0,2
65085,2,1
45454,1,1
38337,0,0
44258,0,0
80297,2,0
12250,0,0
67884,2,1
49195,0,0
46798,0,0
23873,0,2
23265,0,0
52201,1,1
22426,0,0
22802,1,1
20788,1,2
47961,2,2
26153,2,0
55074,1,2
42825,2,2
28800,2,2
45617,0,0
50748,0,0
48698,1,1
64239,0,0
21238,0,0
28143,0,0
22465,1,1
27849,0,0
43783,1,1
53563,1,1
62533,1,1
54260,2,2
52883,1,1
55083,0,0
48330,0,0
36120,2,0
61087,0,0
32230,2,2
24983,2,1
78195,1,1
8060,2,0
76215,0,2
25261,0,0
42984,0,0
70253,0,0
69817,1,1
55829,0,0
76808,2,2
61289,1,1
61151,2,1
61191,2,0
67906,1,1
18765,1,1
69294,1,1
45761,2,0
22148,1,1
60695,1,1
32947,0,2
324,0,0
23348,0,0
12373,0,2
62576,1,1
21145,1,1
66404,2,2
21857,0,0
16316,2,2
69393,2,2
72024,0,0
80418,2,2
65649,1,1
62860,2,1
77304,2,1
22328,2,1
62693,1,1
81249,1,1
38730,1,1
30882,2,0
40071,0,2
55941,2,1
36426,1,1
76958,0,0
26969,2,1
3813,1,1
55463,2,2
54940,1,1
26081,0,0
59684,0,2
33297,1,1
49650,1,1
64641,1,1
55753,0,0
69166,1,1
46037,2,2
69802,0,0
72017,0,2
67057,2,2
64349,0,0
79098,1,1
45078,0,0
48562,1,2
26248,0,2
80545,2,2
61237,2,1
46118,0,0
63861,2,2
38153,1,1
75183,2,2
46989,2,2
77985,2,2
13982,1,1
32628,0,0
47038,1,1
36891,2,1
24668,1,1
47401,2,2
55813,0,0
74065,1,1
67158,2,1
65349,2,1
56179,0,2
71360,0,0
68656,0,0
66257,0,0
30859,0,2
43986,0,0
8526,2,1
74327,0,0
28773,0,0
23687,1,2
68041,2,2
78281,0,0
46106,1,1
28875,2,1
25203,1,1
54153,2,2
33110,0,0
46031,1,1
58864,0,0
51220,0,0
35378,0,0
33304,0,0
50604,1,1
29288,2,2
30434,0,0
82919,1,1
54158,1,1
72466,1,1
29443,2,2
2151,2,1
60931,0,0
7956,1,1
65923,1,1
49973,2,0
33826,0,0
55495,2,1
61065,0,0
71897,0,0
65062,0,0
28018,1,1
65704,2,2
30978,2,0
30458,2,2
58090,2,2
29632,1,1
63667,0,2
61208,0,0
53971,1,2
42551,2,2
63232,0,0
28590,0,0
77787,0,0
79584,2,0
56295,0,2
79059,2,2
46400,2,1
38447,2,2
41657,0,0
47787,0,0
39949,2,1
48696,2,2
39626,1,1
74064,1,1
37806,1,1
46333,0,0
22966,0,2
72846,1,2
52042,0,0
4532,1,1
27749,0,0
63985,2,2
65841,1,1
66725,1,1
61422,0,2
76158,1,1
63085,2,1
72385,1,1
66023,1,1
35052,1,1
64416,0,0
68985,2,1
33801,1,1
65787,0,0
59901,0,0
55139,0,0
60530,0,0
52775,0,2
59173,0,2
43036,2,2
42325,1,1
77364,2,0
12547,0,0
59962,0,2
78399,0,0
57108,2,1
48059,0,0
56139,0,2
43670,0,2
38583,1,1
35110,0,0
36705,1,2
46995,0,0
55049,1,0
22139,1,1
32210,1,2
49386,0,2
77840,1,1
23279,1,1
70601,2,0
82236,1,1
75401,2,0
66578,2,2
35506,0,2
30320,0,0
16864,1,1
25944,0,0
77659,0,0
17236,1,2
43363,2,0
75142,0,0
54462,1,1
29349,2,1
44990,2,2
66534,2,2
34126,2,1
47668,0,0
39495,0,0
54737,1,2
66292,0,2
64406,1,1
60148,1,1
24247,0,0
32106,0,0
72993,0,0
43435,2,1
61059,0,2
74715,0,0
47272,2,2
36658,1,1
62694,1,1
64698,1,1
61931,0,0
81078,1,1
50278,2,0
50695,0,0
29610,2,2
30703,2,1
60953,2,1
43364,2,2
29415,0,2
73713,1,1
61561,2,2
46369,1,1
25621,1,1
61043,1,1
50346,2,1
14915,0,0
42748,0,2
67814,2,2
61760,2,2
35409,2,1
60258,1,1
71722,0,0
58306,2,1
13228,2,1
52943,1,1
54752,0,1
62160,1,1
81923,2,2
77873,0,0
57638,1,1
30785,0,0
79151,2,1
31159,0,0
57810,1,1
25007,0,0
53875,0,2
29217,2,2
122,0,0
69668,0,2
69439,2,2
64453,2,0
27762,0,0
15412,1,1
47722,0,0
69109,1,1
31051,0,0
72346,2,0
1471,0,0
16870,0,0
70967,2,2
22251,0,2
43070,1,1
73618,1,1
56106,0,2
24270,2,2
37667,1,1
60893,1,1
39119,1,1
49995,2,2
36965,2,2
59355,1,1
54961,1,1
42962,1,1
48259,2,2
54126,1,1
26358,0,2
59843,1,1
26003,2,2
69443,0,0
76034,0,2
63552,2,2
62856,1,1
66337,0,0
42252,1,1
24630,1,1
62859,0,2
69407,0,0
11058,0,0
1358,2,2
32434,1,1
31125,2,0
25145,0,0
65227,1,1
68575,0,2
49004,2,2
28047,2,2
69780,2,2
38150,1,1
44507,2,2
69849,1,1
7476,0,2
24606,0,2
28894,2,0
43368,1,0
4010,0,0
65360,1,1
61569,0,2
47525,1,2
46227,2,2
70565,0,0
72905,2,2
73561,2,0
66992,0,0
78383,1,1
78619,1,1
23504,2,1
62424,0,0
65688,2,2
21703,2,2
65645,0,0
26966,1,1
73387,0,2
24218,1,2
2041,1,1
72572,0,0
78951,2,0
65724,1,1
76138,0,0
70109,0,2
41679,0,0
27283,0,1
61197,0,0
65613,1,1
72222,0,2
52430,0,0
58771,0,0
48255,0,2
63825,1,1
45474,0,0
23048,0,2
65556,0,0
50647,0,0
50199,2,2
26212,0,1
53375,2,2
41921,0,0
26631,2,0
61021,1,1
63624,2,0
41486,0,2
59412,0,2
41014,2,0
61168,1,1
76227,0,2
28844,1,2
43923,2,0
36045,0,0
70045,0,0
23828,1,1
56235,0,0
73620,0,0
77745,0,2
72804,0,2
77514,2,2
73298,2,2
41029,2,2
50173,0,0
29970,1,1
49898,0,0
71644,0,2
43377,1,2
43909,2,0
42480,0,0
29886,2,2
66677,1,1
39806,1,1
60863,2,2
43794,2,0
18889,0,2
56500,1,2
64331,0,0
54979,1,1
54445,1,1
17892,1,1
56136,2,2
51468,1,1
69776,2,2
47130,2,2
37555,2,2
204,0,0
51899,2,0
58318,2,1
48447,2,2
7391,2,1
57626,1,1
81771,0,0
35686,2,2
37445,1,1
71291,2,0
49967,0,0
39123,0,0
30408,0,2
24719,0,1
67488,2,0
46363,0,0
4573,2,0
39037,1,1
56481,1,1
58165,1,1
72421,1,2
77970,0,2
65605,1,1
31372,2,0
54922,0,2
25241,0,0
75229,0,0
46298,2,2
77562,2,2
29254,2,0
41697,0,2
8835,2,1
32928,0,0
25430,2,2
74434,2,2
48153,2,0
68965,2,2
49211,1,1
20419,1,1
53354,0,2
23356,1,1
28499,1,1
56114,0,0
81061,0,2
69281,2,2
58056,2,1
70451,0,2
27248,0,0
46948,1,1
80043,0,0
25889,0,0
65005,0,0
51329,1,1
36527,2,2
46973,0,2
40390,2,0
39929,2,0
5731,1,1
74764,0,0
76296,2,2
29550,0,0
65178,2,0
47267,0,0
63227,2,1
27635,1,1
31540,0,0
12102,2,2
60083,0,2
47671,1,1
27959,0,0
28220,1,1
22737,0,0
49058,2,2
26241,2,2
64379,2,0
42043,0,0
36996,0,2
56628,1,1
74105,0,2
52845,2,2
46866,1,1
54822,1,1
71030,2,2
55216,1,1
58816,2,2
49218,0,0
62830,0,0
41452,0,0
66083,0,0
75744,1,1
27232,0,0
64003,2,0
70453,1,1
78159,1,1
57169,1,1
64285,2,1
58830,1,1
44570,0,1
54240,1,2
43413,0,0
60017,0,0
57152,0,0
51072,2,2
22015,0,0
76278,0,0
39271,2,0
63691,1,1
40908,1,1
66374,2,2
59978,2,1
60842,1,1
63597,2,2
39109,1,1
32893,1,1
82816,1,1
49263,2,1
33086,2,2
48171,0,2
18620,1,1
47316,0,2
42376,1,1
60575,0,0
58124,1,1
70591,0,0
32732,2,0
25694,0,0
59120,1,1
48946,0,0
21014,0,2
51035,1,1
37362,1,1
42981,0,0
23346,2,2
23385,1,1
11917,0,0
48402,2,1
30531,2,1
48170,1,1
74395,0,0
47460,0,0
35249,1,2
36454,1,1
56128,0,0
53995,1,1
52209,0,0
65595,0,0
42168,0,0
57037,0,0
38639,1,1
33145,1,1
73311,2,0
57602,0,0
13379,2,0
81103,1,1
24566,1,1
62489,2,0
25525,0,0
52523,0,0
47189,0,0
49507,2,0
45790,1,1
64006,0,0
74455,2,0
31122,0,0
66900,2,0
47768,1,1
59835,0,0
53511,1,1
29604,1,1
49984,2,2
70635,2,0
13033,1,1
59762,0,0
65600,2,1
62502,2,2
26558,1,1
26965,0,0
1874,1,1
22734,2,2
66085,1,1
79642,1,1
50115,1,1
28661,0,0
71128,2,2
74366,0,2
27623,1,1
63652,0,0
32237,2,0
34383,0,0
73603,2,1
50073,2,2
69105,1,1
45649,1,1
47421,2,1
57529,0,0
30437,1,1
39740,0,2
78550,1,1
60398,0,0
68107,0,2
48989,0,2
38273,0,0
37631,0,0
48483,0,0
61137,2,0
80054,0,2
30358,0,2
48487,0,0
79333,0,0
54843,2,2
69077,1,1
28130,2,2
26729,2,2
28384,0,2
73454,2,1
60877,0,2
16050,0,0
26994,0,2
23373,1,1
57938,0,0
51184,0,0
79637,0,0
31552,0,2
12379,0,0
69827,1,1
44318,1,2
33131,1,1
3613,0,0
30913,2,2
55462,1,1
50296,0,0
1366,1,1
61947,2,2
67751,0,0
37166,0,0
33338,0,0
64089,0,0
22391,2,2
36156,2,0
17540,2,0
78929,0,2
73444,0,0
58393,0,0
56956,0,0
28096,2,2
74464,1,2
58320,2,0
60642,0,0
45056,2,2
4678,1,1
48430,1,2
54706,0,1
33601,0,0
77819,1,1
76548,2,2
65442,1,2
74344,1,1
68119,1,1
72626,0,0
74168,2,2
29534,2,1
81298,1,1
67740,1,1
33260,2,0
53032,2,2
53235,1,1
73813,2,1
37213,1,2
59079,2,2
46203,2,2
59018,0,0
43766,1,1
59678,2,1
64437,2,2
26273,0,0
52630,0,0
42108,1,1
78201,0,0
43047,0,0
29869,1,1
34903,0,2
29335,1,1
51847,0,0
48640,1,1
58962,0,2
76906,1,1
41019,1,1
56222,1,1
22102,1,1
27376,0,0
46800,2,1
72767,0,0
654,1,1
53719,0,2
61063,0,2
24130,0,0
42959,1,1
55783,1,1
75491,2,2
59148,0,0
29108,2,1
52625,2,2
19300,0,0
66739,1,1
79218,2,2
51073,2,2
31304,0,2
29453,0,0
37321,0,0
37284,2,2
39787,0,0
72187,2,2
60491,0,0
47429,0,0
29545,0,0
43005,0,2
39168,1,1
12873,1,1
73793,1,1
56675,2,0
66349,1,1
18990,1,1
54583,2,0
29460,0,0
68035,2,2
59749,1,1
43184,0,0
48151,0,0
23115,0,2
49671,0,0
72340,1,1
47563,1,1
82177,2,0
60006,2,2
69560,2,2
27943,0,0
47434,0,2
45153,0,0
26794,1,1
43730,2,0
75353,2,1
76702,0,0
21695,1,1
79699,0,0
70849,1,1
74553,2,2
47332,0,0
34953,0,0
60870,1,1
46648,2,0
50197,0,0
50468,2,2
51092,2,1
29676,0,0
47667,1,1
74982,0,0
48739,0,0
42656,2,0
61895,1,1
6303,0,2
4813,1,2
31314,0,2
70660,0,0
58666,1,1
31490,0,2
28322,1,1
39714,0,2
46797,1,1
41163,1,1
51549,1,1
68503,0,0
25047,0,2
135,1,1
77952,0,0
46911,0,0
26234,1,1
67233,1,1
73184,0,2
23996,0,0
43653,0,0
17766,1,1
55688,1,1
56441,0,0
58665,2,2
61889,1,2
37792,1,1
67752,2,0
3166,0,0
27445,1,1
37498,2,0
39534,2,1
65989,0,0
69767,2,1
56088,2,1
27830,0,2
20290,2,1
68857,1,1
66780,1,1
28586,0,0
65140,1,1
66910,1,1
59352,1,2
40577,0,0
72397,0,0
74045,0,0
27560,2,2
45509,0,2
49116,2,1
43485,0,0
23490,1,1
36626,1,1
22868,1,1
43204,2,1
57731,1,1
34956,0,0
40656,1,1
36995,1,1
75479,0,0
68919,2,0
52130,1,2
27352,1,1
53182,0,0
47678,1,1
76506,2,2
70460,2,2
36000,2,0
45724,1,2
64407,2,2
27904,0,2
67771,2,2
57815,0,2
71864,2,1
49438,2,2
36192,1,1
77609,0,0
78949,2,1
79220,1,1
49444,2,1
65326,0,0
54453,2,1
47220,2,0
78709,0,0
66508,0,0
47436,0,0
63627,2,0
29888,0,0
65071,2,1
75711,0,0
59847,0,0
53581,2,0
42478,0,0
27993,0,0
46844,2,0
22593,1,1
5942,2,2
4648,2,1
29092,1,1
49689,0,0
77011,1,1
56874,1,1
52415,1,1
9615,0,0
62239,0,0
36310,2,1
25140,1,1
50819,1,1
58933,1,1
76532,1,1
32466,0,0
48392,0,0
55685,0,0
6934,0,0
77638,0,2
41444,2,2
72792,2,0
52147,2,0
75319,1,1
74351,0,0
32985,1,1
25357,2,2
61822,2,2
58037,0,0
74504,2,1
26407,1,1
35001,2,2
38592,0,0
32773,2,2
66880,2,2
4373,2,2
62250,0,0
77206,0,0
7155,0,2
60293,2,1
60310,0,0
29404,2,2
22022,1,1
23106,1,1
23322,2,2
30737,1,1
66253,0,0
40809,0,0
4848,0,2
63511,0,0
72176,1,1
73640,2,2
35945,1,1
68463,0,0
44840,1,1
42636,0,2
58552,2,2
56014,0,0
53818,2,2
137,1,1
60676,0,0
53070,1,1
73526,2,2
24359,1,1
63607,2,2
57419,2,2
59773,0,0
56656,0,0
75815,0,0
64340,0,2
54540,1,1
64235,2,2
48874,1,2
71163,0,2
39665,2,2
70321,0,0
45177,2,2
61428,2,2
48227,1,1
62924,2,2
66681,2,0
59709,1,1
51734,2,1
30909,1,1
24353,1,1
55756,0,0
69761,0,0
46424,2,0
58503,0,0
28403,2,2
56216,1,1
76297,0,0
30724,1,2
38949,1,1
58337,2,0
41072,0,0
45210,0,0
4227,0,2
64544,2,1
50236,0,0
42591,2,0
66323,1,1
46755,0,2
42451,2,2
72980,2,2
36041,0,0
64730,2,0
48679,2,2
78049,2,2
55204,1,1
74368,0,0
51298,1,1
68243,2,2
34820,2,0
57639,0,0
24048,2,2
73584,1,1
27010,2,2
39408,2,0
55549,1,1
71080,1,1
60499,0,0
30999,1,1
75285,2,2
58823,0,0
49944,0,0
60550,1,1
40831,0,0
43002,0,0
56150,2,0
56248,2,0
79438,1,1
65219,0,0
66507,0,0
38378,1,1
69482,2,2
45677,0,0
62520,2,2
48857,1,1
23668,2,2
19086,2,2
45070,0,0
65425,0,2
22740,0,0
51296,2,0
13774,2,2
46277,1,1
59485,2,0
63120,1,1
40706,2,0
32084,2,2
59607,0,0
9997,1,1
38234,1,2
72519,1,1
31707,1,1
47269,2,2
49565,0,2
37042,1,1
72344,2,0
17700,1,2
39042,1,2
35468,1,1
67657,1,2
26869,1,1
50267,0,0
59548,1,1
65582,0,0
20070,1,1
31290,1,1
54867,1,1
70677,0,0
69414,1,1
49157,2,0
71375,1,1
83327,2,0
15969,0,2
67829,1,1
52649,2,1
10456,1,1
38149,2,2
70793,0,0
24463,1,1
70844,1,1
39058,0,0
55765,0,0
68324,1,1
7488,0,0
67145,0,0
28350,0,0
30810,1,1
51242,1,1
1142,2,2
63679,1,1
28519,1,1
30602,1,2
50010,0,2
74523,2,1
57952,2,0
77332,2,2
75552,1,1
37515,1,1
44709,1,1
59724,2,0
31759,1,1
71350,0,0
36548,1,1
74377,2,2
47859,2,0
47914,1,1
43441,2,1
45502,2,0
36843,1,1
41737,1,1
51885,1,1
52360,2,1
51932,1,1
32694,0,2
56062,1,1
60832,1,1
46791,2,2
75299,0,0
22218,0,2
76890,1,1
43819,0,0
56146,0,0
13535,2,1
74774,1,1
74328,0,0
66435,1,1
52176,0,0
31636,1,1
25965,2,2
29624,0,0
59238,0,0
10124,2,1
31533,2,1
70160,1,1
49244,1,1
52066,1,1
50473,0,0
31251,2,2
49325,2,0
15,2,2
30243,2,2
65034,0,0
32307,0,0
73931,1,1
62314,0,0
53282,0,0
46232,0,0
54996,0,0
28315,0,0
79114,0,0
33024,2,1
25318,1,1
69968,2,2
80974,1,1
74668,2,2
24547,0,0
44933,2,0
55228,2,2
31431,1,1
64767,2,0
64971,1,1
30224,2,1
72248,0,0
52591,1,2
29203,0,2
74248,1,1
31609,2,2
71227,0,0
48214,0,0
37155,1,1
65843,1,1
34080,0,0
6387,2,2
45664,1,1
60117,0,2
73587,2,0
73524,1,1
24656,1,1
52552,2,2
42086,1,1
48047,0,0
68129,1,1
8702,1,1
70939,1,1
51279,1,1
45069,2,1
58342,1,1
23008,1,1
45812,2,1
53170,0,0
50083,0,0
69213,0,0
72345,0,0
52520,1,1
75091,0,0
68166,0,1
21967,0,0
50764,1,1
52884,2,2
67396,1,1
65754,0,0
41560,0,2
61386,1,1
37658,2,2
57614,1,1
16042,2,2
68973,2,2
8693,0,0
70166,0,0
22788,1,1
65385,0,0
75680,0,2
27295,0,0
58674,1,1
73182,2,2
23797,1,1
5165,2,2
78409,1,1
61080,0,0
70675,0,0
73115,2,0
116,2,2
59900,2,0
61696,0,0
65789,0,0
24385,1,1
70772,0,2
17201,0,2
38931,2,1
71814,1,1
32932,0,0
32535,0,0
63068,0,0
42687,2,2
46107,0,2
47256,0,0
66526,1,1
76218,2,1
8890,0,0
65061,1,1
33111,2,2
31213,2,2
2544,1,1
31151,0,0
34852,0,0
63783,0,0
50316,2,1
47333,0,0
38737,2,2
29704,1,1
49371,2,2
64376,2,2
8013,2,2
48002,0,0
71808,1,1
80490,1,1
56446,0,0
56176,1,1
3162,0,2
55301,1,1
67292,1,1
36536,0,0
43724,0,0
34584,0,0
24698,1,1
38587,1,0
6870,1,2
23903,0,0
63201,2,0
34375,0,0
29501,1,1
52656,2,0
46474,0,0
45855,0,2
76309,0,0
28180,0,0
29197,0,0
71342,0,0
41693,0,2
43174,1,1
69866,0,0
8787,0,1
10386,1,1
48347,0,1
7516,1,1
56458,0,2
24309,1,1
25558,0,0
277,0,2
57581,2,0
30443,2,0
75062,2,1
72447,0,0
80102,1,1
56081,1,1
5407,2,1
52109,1,1
5118,1,1
47745,1,1
30329,0,0
72869,2,1
73706,2,0
47574,2,2
47027,0,0
71882,1,1
75470,0,0
72524,2,0
31936,0,0
65426,1,1
77256,0,0
62036,1,1
57975,2,2
2848,0,0
55621,2,1
28862,1,2
47858,1,1
71362,0,0
49171,0,0
35026,0,2
44670,1,1
28480,1,1
23745,0,2
45994,0,0
33545,2,2
65580,2,0
40819,0,2
41153,1,1
49622,2,2
6103,2,2
35385,0,0
46872,1,1
72347,0,2
58242,2,1
78621,2,2
34724,1,1
37263,1,1
49784,1,1
65069,0,0
39052,1,1
38145,2,2
23539,0,0
31448,1,1
48313,1,1
47127,0,0
73356,2,1
42607,2,1
28016,0,0
66204,0,0
68777,1,1
70118,1,1
64189,2,2
51384,0,0
46882,2,0
28292,1,1
73794,1,1
26498,2,1
23127,0,0
38102,1,1
60882,0,2
70852,1,1
77238,1,1
57082,0,0
10697,2,0
74253,2,2
64837,2,2
62371,1,1
69444,1,1
26987,1,1
67022,2,1
67570,0,0
54117,0,1
62791,1,1
23191,2,2
54757,0,2
66664,1,1
33723,0,2
31012,1,1
59604,0,0
50615,0,0
27309,0,0
72756,1,1
65678,0,0
47240,0,0
18158,1,1
80722,2,2
61027,2,2
39546,2,2
55257,0,0
80295,2,1
22223,2,1
38790,0,0
32782,1,1
56096,1,1
56947,0,0
39670,1,1
36157,0,2
79344,0,0
27517,0,0
2868,2,2
39933,0,0
64829,0,0
59467,1,1
76488,1,1
67153,0,0
51654,1,1
23985,1,1
23694,0,2
69824,1,1
51908,1,1
24212,2,1
16470,1,1
48188,2,1
76363,2,2
24672,0,1
80844,1,1
24944,2,1
42408,2,1
60588,2,2
65112,1,0
25812,2,0
50,0,0
72147,0,0
47649,0,0
39818,2,2
47588,0,0
5657,0,0
45499,1,1
76068,2,2
75002,0,0
77003,2,0
49331,1,1
34059,0,2
72766,1,2
48160,0,0
29608,0,2
20498,1,1
33825,2,2
62969,0,0
56588,1,1
5253,0,0
61839,1,1
33393,1,1
41923,0,0
9820,2,2
26748,0,0
73954,1,1
75485,2,0
56557,1,1
58746,1,1
60592,0,0
27327,2,2
67938,0,0
30247,2,0
64536,1,1
67329,0,0
68422,1,1
61345,1,2
74272,0,0
49687,0,2
26093,2,2
71213,1,2
6333,0,0
26119,2,0
65377,0,0
22545,1,1
51505,2,2
22839,1,1
48850,1,1
81117,1,1
58141,1,1
18502,0,0
58026,2,1
68558,2,2
31527,1,1
43163,2,1
22224,2,0
44937,2,0
46206,0,2
66597,0,2
69752,0,0
58866,2,2
41867,0,0
80257,1,2
26699,2,1
29960,1,1
79793,2,1
31834,2,2
74814,2,0
77996,0,0
62531,0,2
229,0,0
32574,0,2
42138,0,0
71114,2,2
37930,0,0
44961,0,0
28465,0,0
4215,2,2
52087,1,1
79728,0,2
39393,0,0
54916,1,1
33244,0,0
31468,0,2
61675,2,1
77662,2,2
33265,0,0
76673,0,2
66633,0,0
73912,1,1
46843,1,1
26422,2,1
5593,0,0
39313,0,0
7710,1,1
61535,0,0
69664,1,1
24490,1,1
30188,0,1
45432,1,0
24288,2,2
60808,2,2
61058,1,1
30642,2,2
68816,2,1
26449,0,0
31589,1,1
71773,1,1
29309,0,0
39223,0,0
62347,1,1
23148,2,2
51145,0,0
48297,1,1
37711,0,0
63278,2,2
10114,1,1
22080,1,1
77125,2,1
61738,0,0
29006,0,2
77652,1,1
74019,2,1
67875,2,1
70937,0,0
9463,1,1
34070,1,1
47788,1,1
78915,0,0
40,1,1
57221,2,2
66032,2,0
24952,1,1
59083,2,2
63040,0,0
75767,0,2
70383,1,1
45819,0,2
37589,0,0
3167,1,1
28665,0,2
36036,1,1
74912,2,1
48481,2,0
73193,2,2
71489,1,1
52359,2,1
22784,2,1
8204,2,0
79597,2,1
52807,0,0
55361,2,2
37003,0,0
73673,2,1
56090,1,1
40687,1,1
25667,0,0
78237,1,1
70681,0,0
76141,0,0
28093,2,1
23447,1,1
59444,1,1
25985,1,1
34574,2,2
73583,2,1
58641,0,0
62297,0,0
49125,2,2
35883,2,0
6773,2,1
27230,1,1
69446,0,0
52550,2,1
18093,0,0
65026,2,2
26471,0,0
50965,1,1
58456,2,2
28401,0,0
5222,0,0
76399,2,1
61032,0,1
63333,1,1
52129,0,0
33852,2,1
70981,0,0
23016,1,1
75068,0,0
60797,1,2
34268,1,1
26542,0,2
63081,2,2
25150,2,0
35792,2,2
72468,1,1
38467,2,2
60210,0,2
73048,0,0
25771,2,2
4794,2,0
59349,2,1
69487,1,2
58727,0,0
6619,0,0
69901,1,1
66073,0,2
64385,2,2
41395,2,0
53702,0,0
53585,0,0
27775,1,1
69403,1,1
29574,2,2
62817,1,1
73833,2,0
24368,1,1
24296,1,1
56885,2,2
41457,1,1
63496,2,1
67899,2,0
70618,2,2
25468,2,2
33899,0,0
61533,0,0
82291,1,1
56110,2,2
45150,0,0
41128,1,1
71602,2,1
40864,0,0
4827,2,0
26051,1,1
31835,0,0
65546,0,0
5615,2,2
16845,1,1
43505,2,2
26454,1,1
75921,2,2
49570,1,1
62096,0,0
59078,2,2
72999,2,2
56580,1,1
46822,0,0
77750,0,2
49628,0,0
72691,0,0
30382,2,1
71787,0,2
7459,1,1
36898,2,2
39428,0,0
29000,0,2
16793,0,2
36424,1,1
9783,0,2
23288,1,1
65352,0,0
65990,0,0
48221,2,2
10168,1,1
23997,2,0
75368,0,2
31545,0,0
69897,0,0
25789,2,1
52193,2,0
28928,2,0
51386,0,0
77548,2,1
45280,0,2
32238,2,1
42095,2,2
66895,0,0
22712,1,2
44049,2,0
33358,2,2
35216,1,1
74465,1,1
49887,1,1
38227,0,0
72994,0,0
39327,0,0
66549,0,2
62551,1,0
7998,1,1
44870,0,0
71626,1,1
33900,1,2
63464,0,1
50826,2,2
54575,2,0
41620,0,0
57905,0,0
71367,0,2
24931,0,0
31041,2,0
61789,0,2
11911,1,1
6946,0,0
78612,1,1
55147,1,1
47982,1,1
74865,0,0
67951,0,0
22767,2,2
26741,1,1
56061,2,2
69061,0,0
31038,0,0
57490,0,0
68458,1,1
33867,1,1
71001,0,0
21445,2,1
24637,2,1
23698,1,1
61490,0,0
58584,0,0
39368,1,1
52622,0,0
74423,0,0
59605,0,0
72100,2,0
58726,1,1
58968,2,0
67534,2,2
70575,0,0
60559,1,1
73260,2,2
68828,0,2
7213,0,2
71672,2,0
56189,0,2
73079,1,1
74573,0,0
45221,0,2
34550,0,0
63344,0,0
74794,1,1
69711,1,1
20548,1,1
32320,2,2
60100,0,0
50210,0,0
75287,2,2
53350,2,0
51724,1,1
72744,0,0
57075,0,0
32564,1,2
76864,1,2
67306,0,1
73667,2,0
69069,0,0
66150,2,0
26697,2,2
56270,1,1
79748,1,1
63512,0,2
48076,2,2
57728,2,0
1826,0,2
27535,0,0
33655,1,1
71250,0,0
37375,0,2
57920,0,0
67045,1,1
66702,1,1
30879,2,2
65077,2,1
5076,2,2
59162,1,1
25790,1,1
69029,2,2
25613,0,0
31414,1,1
53782,2,1
52030,1,1
28409,1,1
46514,1,2
32608,0,1
39661,0,0
67793,0,0
40476,2,2
54563,1,1
77711,2,2
57771,2,0
63444,2,2
61190,1,1
13141,1,1
61577,0,0
51201,0,0
57156,1,1
74506,2,0
62403,0,0
68271,2,1
69037,0,0
61352,2,0
59470,1,1
59371,0,0
66843,0,0
36850,1,1
22661,0,0
64818,0,0
68714,2,1
73688,2,2
10336,2,0
41810,0,0
74462,2,0
49568,0,0
69288,0,0
67139,2,2
4869,0,2
67330,2,2
52999,2,1
44658,2,2
31415,2,1
65534,2,2
48814,0,0
29169,2,2
68625,2,0
45710,0,0
29974,2,0
45530,0,0
23681,0,0
70546,0,0
75705,1,1
42554,0,0
77530,2,2
26758,1,1
54951,2,2
35909,1,1
38565,2,2
59218,2,0
32316,2,2
48625,0,0
24279,0,0
61261,0,0
62181,0,2
29279,0,0
1916,1,1
20899,1,0
60014,1,1
36682,1,1
30233,0,2
61590,2,2
67228,1,1
52102,2,1
54091,0,0
72644,0,0
10375,2,1
45042,2,2
64763,2,2
41222,0,0
27875,1,1
78953,1,1
76687,1,1
77347,0,0
75980,0,0
55950,0,0
27565,2,2
45291,2,0
23201,0,0
36108,1,1
66180,0,2
71159,2,2
30040,0,2
54894,2,2
17026,0,0
69275,2,0
181,2,2
56932,1,2
53768,0,0
60375,2,2
4447,0,0
79567,1,1
43084,0,0
59166,0,0
52258,0,0
55679,2,2
48572,1,1
73957,0,1
28349,2,1
79464,0,2
45519,0,1
75730,1,1
62681,0,0
47155,0,2
72493,2,0
47677,1,1
24257,2,2
22079,1,2
38947,0,0
30588,2,1
47243,2,1
76312,0,0
49979,0,0
81096,2,2
39254,2,1
34001,0,0
61683,0,0
73468,0,2
58372,1,1
55504,0,0
52954,1,1
5006,0,0
66440,2,2
12607,2,2
39444,0,0
26220,0,0
38780,0,0
74396,2,0
33523,0,0
81798,0,0
60986,0,2
74275,2,0
28625,2,2
41748,2,2
51719,2,0
35390,0,0
56173,1,1
45446,2,1
72887,0,2
49647,2,2
52062,1,1
73514,0,0
67685,0,0
73575,0,0
59926,2,2
71359,2,0
28418,0,0
50758,2,2
75827,2,2
31902,1,2
67028,1,1
79765,2,0
58354,0,2
1334,1,2
71139,1,1
59341,0,2
36401,1,1
7962,0,0
62198,0,0
63156,2,0
70593,0,0
57647,1,1
64371,1,1
17497,2,0
78971,1,1
69895,0,0
58539,1,1
79876,1,1
25363,1,2
46390,1,1
60827,2,0
64294,0,0
22482,1,1
61886,2,0
27380,0,0
27801,1,1
62516,1,2
71277,2,0
66238,0,0
53069,2,1
27853,2,0
14475,1,1
64766,2,2
60220,1,1
68460,2,2
60630,2,2
70300,1,1
51399,1,1
63988,1,1
52687,0,0
48525,1,1
33650,0,0
32457,2,0
40602,0,0
69864,1,1
36819,2,1
5997,1,2
61149,2,0
39685,1,1
16056,0,0
72696,0,0
49985,2,2
54944,0,0
79622,1,1
46839,1,1
23331,1,1
31346,2,0
67854,1,1
44563,0,2
25864,2,2
80069,1,1
56922,2,2
31040,1,2
75200,0,0
25084,1,1
61688,0,2
66179,1,1
26106,2,2
60969,1,1
76806,1,1
31397,0,0
45992,1,1
49559,2,0
35620,0,0
64440,0,0
27088,2,1
29905,1,1
41245,1,1
80046,0,0
39529,0,0
54013,2,0
27822,0,0
24196,2,2
44849,1,1
66996,0,0
65456,2,0
74918,1,1
49186,2,2
34887,2,2
67669,2,2
9720,1,2
29290,2,2
57390,0,0
30324,0,0
71109,1,1
10518,1,1
42467,1,1
17534,0,0
21575,2,2
74121,2,1
51241,2,2
64751,2,1
62263,1,1
36188,1,1
53148,2,0
47398,1,1
62822,2,2
43775,0,0
59895,0,0
44997,2,2
28577,0,0
16943,0,2
50024,0,0
63720,1,2
45093,2,2
65573,2,2
150,0,0
21593,2,2
27979,0,0
59806,0,0
25705,1,1
55233,2,1
45829,0,2
62911,0,2
18669,2,1
36585,2,0
32376,2,0
23138,0,2
22383,0,0
70462,2,2
66322,0,0
51912,1,1
8484,2,1
36320,2,0
31733,0,0
29925,2,2
23879,0,0
81026,1,2
12082,2,1
54921,2,2
46193,1,1
58470,0,0
22199,1,1
79457,2,1
62957,2,1
56710,1,1
35518,0,2
58280,2,1
74943,0,2
11460,1,2
55797,2,0
73896,0,0
69955,2,2
71418,2,0
75875,2,2
50109,2,0
46541,0,0
72173,1,1
72966,2,1
50290,0,0
76360,0,0
35154,1,1
64200,1,1
59298,1,1
51297,1,2
80707,1,1
27714,0,0
22972,0,0
33788,1,1
52524,1,1
41962,1,1
72224,1,2
59933,2,1
75289,2,2
39605,2,2
72549,0,0
40477,0,0
49356,2,2
43365,2,0
66382,2,0
21563,2,2
69778,0,0
51189,0,2
58324,2,0
28523,0,2
73540,1,1
72920,2,2
16865,1,1
46838,0,0
78359,1,1
35501,1,2
69663,0,0
53241,0,2
54891,2,0
78389,1,1
46326,0,0
24533,2,1
33787,2,1
30450,2,2
55376,1,1
69747,0,0
15604,0,0
77360,1,2
22991,0,2
17376,2,1
60684,1,1
4117,1,1
46222,2,0
34131,0,0
61200,2,2
46690,1,2
1202,2,0
76008,0,0
2796,1,1
9054,2,2
48485,0,0
24285,2,2
72143,0,2
23203,1,1
61276,2,2
67106,2,2
65930,0,2
54108,0,0
45846,1,1
56138,2,2
50081,2,0
44082,0,2
44793,1,1
27964,0,0
28406,1,1
69592,2,2
25238,0,0
12361,1,1
5977,1,1
54616,0,0
77047,0,0
25971,0,0
59680,2,1
70887,2,1
28140,2,0
59376,1,1
72027,0,0
61085,2,2
17628,2,2
66338,2,1
65994,2,0
75872,2,2
40884,2,2
73009,0,0
76858,2,2
60770,2,0
5732,1,1
34305,1,1
22133,2,2
45168,0,0
23946,1,1
73321,1,1
69527,2,0
48776,0,2
35948,1,1
49095,0,0
76194,0,0
50454,2,0
69097,1,1
23416,1,1
57636,1,1
27551,1,1
32329,2,2
33179,0,0
26277,2,2
67444,0,0
60304,2,0
3530,2,2
26560,1,1
67968,1,1
59132,1,1
25050,0,0
34974,2,0
31081,0,0
75615,2,2
70919,2,0
47781,1,1
67743,2,1
36386,2,2
77363,1,1
70018,0,0
22947,0,0
32668,1,1
32118,0,0
63817,0,0
28312,0,0
62650,0,0
72749,0,0
38362,1,1
47578,2,2
77679,0,0
53912,2,0
20777,2,2
63315,0,0
69991,1,1
54941,1,1
27183,2,2
31962,0,0
65083,1,1
68872,2,2
58253,1,1
6686,2,2
80276,0,0
27169,2,1
45222,0,0
77827,1,1
71293,2,1
54943,0,0
6172,1,1
32126,2,2
75573,0,2
36751,0,2
74202,1,1
70092,0,0
74498,2,0
25564,0,0
25931,0,0
47354,2,2
45834,0,2
76355,2,1
57805,2,1
50588,0,0
61046,1,2
63670,2,2
51125,2,1
25160,0,0
23940,0,0
69162,0,0
35308,0,0
23332,0,2
54265,2,1
71343,0,2
24421,0,0
50376,1,2
76802,0,0
60047,1,1
78164,0,0
8311,0,0
26687,1,1
17337,1,1
40276,0,0
64443,0,0
64867,2,1
63749,0,2
29984,1,1
59311,0,0
74748,0,2
57309,2,2
78066,2,1
64626,1,2
30604,0,0
44386,0,0
63745,2,2
58790,2,0
60936,1,1
48830,1,1
30555,2,0
78408,0,2
49883,1,1
72303,0,0
67417,0,2
58851,0,0
73041,1,1
31208,1,1
48607,2,2
79846,1,1
47075,2,1
58696,0,2
42294,2,2
62440,0,2
54030,0,0
48355,0,0
55568,2,2
22,1,1
73267,1,1
79972,1,1
72338,0,2
63982,2,2
52650,0,2
24526,1,1
73737,1,1
58167,2,2
45551,1,1
61468,0,0
55491,0,0
32149,2,2
53162,1,1
40992,1,1
72900,1,1
72417,2,0
69763,0,2
75072,0,0
7980,0,0
72067,0,0
28872,2,0
57690,2,0
41184,0,0
59638,0,2
76508,2,1
52571,1,1
32944,0,0
60996,2,2
52384,2,2
16863,1,1
69719,1,2
72282,0,0
77957,2,2
77359,1,2
31323,2,0
37307,1,1
65525,1,2
78182,1,1
49293,0,0
39191,0,0
32469,0,0
48465,0,0
55943,2,2
29159,1,1
28925,0,0
78874,0,2
56355,0,0
63357,0,1
24088,0,2
31645,0,0
62426,0,0
46335,0,0
78886,0,0
74098,0,2
72150,0,2
38979,0,0
66465,0,2
51289,1,1
49971,0,1
69773,2,2
33612,1,1
44294,0,0
66669,0,0
48482,0,2
23502,0,2
65039,2,2
25401,2,0
53954,0,0
46241,0,0
64289,0,0
66814,0,0
64604,2,2
58509,2,1
5436,1,1
19933,2,2
34511,2,0
40053,2,2
69490,1,2
41330,0,0
68792,0,2
57299,1,1
37065,1,1
59273,1,1
69104,1,1
80158,2,1
53707,1,1
56398,2,2
71233,2,2
64139,0,0
39453,0,0
64663,2,2
64059,2,2
67298,1,1
78937,1,1
57713,2,0
45528,0,0
51749,1,1
72988,2,0
36260,2,2
31499,0,0
72598,2,1
71118,1,1
33071,0,0
31447,0,0
4125,0,0
9283,1,0
14208,1,1
47215,1,1
59534,2,1
38377,2,1
69848,1,1
58154,0,0
23869,2,0
51599,0,0
22437,0,0
40622,2,1
47462,0,0
53377,1,2
76041,0,0
68782,1,1
69074,1,1
65941,1,1
40877,0,0
12237,0,0
70350,0,0
38630,2,0
61227,1,1
36398,0,0
47847,0,0
39417,1,1
74800,0,0
7148,0,0
22692,0,0
54952,1,1
67225,2,1
62326,1,1
73925,2,2
61114,0,0
76876,0,0
68705,0,0
69578,0,0
30389,0,0
81336,1,2
49538,2,2
6733,2,1
50065,2,2
65109,0,2
43718,0,1
38375,1,1
59116,1,1
68393,1,1
29838,1,1
75177,1,1
69613,1,1
51216,2,0
51464,1,1
9491,1,1
57344,2,0
68653,1,1
70648,1,1
58459,1,1
46981,2,2
34673,2,2
33652,2,2
50848,0,0
68834,1,1
22098,2,0
13442,1,1
78364,0,0
52595,1,2
28684,2,2
30150,1,1
76391,2,2
41574,1,1
45004,2,2
55618,2,1
52728,2,0
41264,0,2
49033,0,0
24888,0,0
48908,0,0
61779,2,2
33755,2,0
32059,0,0
7183,0,0
61404,2,2
16276,1,2
55250,2,2
28813,0,0
5167,2,2
76499,0,0
48097,2,2
32233,2,1
57229,2,2
7,0,0
63826,0,0
67769,2,2
52937,1,1
50467,0,0
28799,1,1
40584,0,0
29178,0,0
32359,0,0
133,1,1
64546,0,0
29030,2,2
70424,0,2
76125,0,0
67231,2,2
62144,0,0
46546,1,1
57776,0,0
25055,0,0
56625,2,2
40551,1,2
24293,0,0
62837,2,1
22430,2,1
69608,0,0
72070,2,0
9234,0,2
35025,0,0
51401,2,0
39372,1,1
40746,2,2
38094,0,0
70507,0,0
61686,2,0
60887,1,1
51931,1,1
55307,0,0
41750,0,0
57843,1,1
66049,0,0
58013,0,0
36264,0,0
41596,0,0
33487,2,2
18643,2,2
37257,1,1
27928,0,2
82713,1,1
66379,0,0
23305,2,2
55529,1,1
58043,2,2
61491,2,0
63649,2,2
68553,1,1
68798,2,2
16475,1,1
76542,1,1
25221,0,0
48200,2,0
69659,0,0
2536,1,1
67939,2,2
56845,1,2
7193,2,0
74311,0,0
41441,2,1
45894,0,0
58060,2,2
68795,1,1
74418,1,1
47813,1,1
75899,1,1
46201,2,1
24383,1,1
58136,0,0
38037,2,2
27844,2,0
67166,2,1
61791,2,1
39763,1,1
27777,0,0
32427,1,1
39974,0,0
22539,1,1
39143,2,2
67666,1,1
72829,2,2
75699,1,1
58301,2,2
21169,0,0
33311,0,0
29038,2,1
46749,2,1
23924,0,0
10197,0,0
58673,0,0
41730,0,0
32609,0,0
48948,1,1
17998,0,2
34753,0,0
37718,2,0
51504,2,1
77979,1,1
71713,2,1
48519,1,1
71515,0,2
74106,1,1
76087,1,1
32252,0,0
38541,1,1
43768,1,1
62601,2,2
26856,0,0
77342,2,1
22872,1,1
36440,1,1
70044,0,0
59668,2,2
26694,2,2
70751,0,2
37999,1,1
69462,1,1
3315,2,2
54109,1,1
27017,1,1
33057,1,1
50474,0,2
22985,1,2
73993,2,0
20863,2,0
18435,2,1
23522,0,2
11471,1,1
52004,1,1
39526,2,2
27779,0,0
61595,1,1
63772,2,1
50870,0,0
57999,0,2
35609,1,1
29183,0,2
46735,2,1
2475,2,2
70112,0,0
40787,1,1
47422,0,0
8391,2,0
31965,0,2
70372,1,1
54712,0,0
60687,0,2
30717,2,0
80378,0,0
28886,1,1
31889,2,0
32976,0,0
26301,0,0
59044,0,2
57818,2,0
79844,2,2
50095,0,2
58564,1,1
65840,1,1
65436,2,0
35747,2,2
34613,0,0
72952,1,2
11567,0,2
46988,2,2
39710,0,2
46920,2,2
6816,0,2
63148,0,0
26912,2,2
23354,1,1
24436,2,0
67708,0,0
44938,1,1
38448,0,0
51813,2,2
48613,1,1
65692,0,0
24403,0,0
46058,1,1
79226,2,1
31199,2,2
41532,2,0
47789,1,1
24160,0,0
64061,0,1
68769,2,1
59863,0,0
38941,2,1
38757,1,1
56258,2,2
3420,0,0
44393,2,0
28666,2,0
77646,1,1
62965,1,1
52647,2,1
73918,2,2
50259,0,0
49377,1,1
60920,2,2
62381,0,0
50089,0,0
24707,2,2
63487,2,0
60338,1,2
35707,2,2
34775,1,1
80218,2,1
23480,0,0
37584,0,0
64523,0,0
49046,0,0
26374,2,2
62718,2,1
44664,0,0
50328,0,0
17931,1,2
58917,2,2
47221,1,1
68512,1,1
53298,2,0
72899,0,0
7817,2,0
73439,0,0
63835,2,0
75738,0,0
79986,0,0
74751,0,2
61146,0,0
52031,2,2
54701,0,0
61960,2,2
69783,2,2
53166,2,0
66036,1,1
8217,2,0
30515,2,2
75619,1,1
74535,1,1
22651,2,1
30179,0,0
65705,2,0
64765,0,0
24614,1,1
36124,1,1
47923,2,1
65439,2,1
26331,1,2
52125,2,0
50277,2,1
8288,1,1
31000,2,0
39378,0,2
59673,2,2
59869,2,2
3471,2,0
43366,0,0
36564,1,1
67325,0,0
58839,1,1
79690,2,2
8649,0,0
61862,2,2
57746,2,0
25304,0,0
53057,0,0
27567,0,2
68075,2,2
77325,0,0
47744,2,2
48864,0,0
75261,1,1
70252,2,2
50315,1,1
60880,0,0
29202,0,0
39467,0,0
64267,1,1
68291,2,1
22239,0,0
75501,0,2
38938,1,1
75852,2,2
43816,1,1
37227,1,1
40429,2,1
4720,0,0
21812,0,0
68757,1,1
62351,0,0
49614,0,0
81065,2,1
31644,2,2
37909,2,0
40564,1,1
44989,0,0
50285,2,2
77951,2,1
54317,2,0
37023,0,2
53221,2,2
64127,0,0
46715,2,2
34173,1,1
70712,1,1
45639,1,1
54388,0,0
31462,0,0
29313,0,0
41775,0,0
37406,1,1
75281,1,1
19280,1,1
71229,2,2
69830,1,1
33194,0,0
67596,1,1
3917,0,0
40105,0,0
26125,0,0
24413,1,1
57646,2,0
57544,2,2
43004,2,2
57847,2,2
39054,0,0
46634,2,2
54880,2,0
73404,2,2
31052,2,2
55446,0,0
26931,0,0
55167,2,0
66523,0,2
22640,0,0
51054,0,0
168,2,0
73501,0,2
36660,0,0
22582,2,2
40012,2,2
69602,0,0
70634,0,0
67168,2,1
5869,1,1
29392,0,0
73612,1,1
42706,0,0
44391,0,0
71580,0,1
46703,1,1
57741,2,2
73330,0,0
71916,1,1
19373,0,0
50335,1,1
26538,0,0
6071,1,1
60501,1,1
48828,1,1
52371,1,1
27452,0,2
28191,1,1
62869,0,0
30836,0,0
68209,1,1
37474,2,1
55040,0,0
29198,0,0
38030,1,1
57907,0,0
24075,2,1
28152,2,2
48694,1,1
67953,0,0
31057,0,0
3873,2,2
53180,0,0
15264,2,2
79949,2,1
77335,1,1
46979,0,0
23709,2,1
27310,2,0
79319,1,1
28877,0,0
26595,2,0
2033,0,0
69977,0,0
61924,0,0
15887,1,1
15575,1,1
37059,0,0
81004,0,0
58291,1,1
30848,0,0
29072,1,1
73406,2,0
63065,0,0
47284,1,1
45654,2,0
76388,1,1
41563,0,0
22134,0,2
48137,2,2
77973,2,2
75698,1,1
53810,1,1
24061,1,1
49939,2,2
44543,0,0
45117,2,2
66114,2,0
25636,2,0
26679,0,0
47494,0,2
47496,2,2
60731,2,0
76834,1,1
64953,1,1
57186,2,0
54860,2,2
70177,2,2
17793,0,0
64660,0,0
57939,2,0
22827,0,0
45589,0,0
29941,1,1
65815,0,0
39183,2,2
38505,1,1
53495,2,0
69448,1,1
45645,0,0
67656,1,1
24178,1,1
26630,2,1
23864,0,2
47238,0,0
76956,1,1
81601,2,1
66348,2,2
29213,0,0
31333,2,0
75613,0,0
22559,1,1
27381,2,0
31700,1,1
39736,0,0
74164,0,0
65682,2,0
62293,2,0
48764,0,0
78250,1,1
23948,1,1
76939,0,0
68494,0,0
70026,2,0
18264,2,2
68842,1,1
28172,1,1
50991,2,0
19264,0,0
33123,2,2
28745,0,0
49794,2,1
50260,2,1
28496,1,1
26215,2,0
40556,0,2
29698,2,0
49296,0,0
53181,0,0
24121,2,1
52912,0,0
67977,0,0
73568,1,1
52858,2,1
51452,1,0
3126,0,0
77829,0,2
37296,1,1
67556,1,2
55373,2,2
60474,1,1
63467,2,2
73621,2,2
76245,1,1
59715,0,0
73659,0,2
65547,2,2
38776,2,0
53689,0,0
74152,2,0
26214,0,0
57342,0,0
57811,2,2
58411,1,1
75489,0,2
23337,1,1
60074,1,1
21761,0,0
58063,1,1
65132,1,1
41030,1,1
52681,0,2
80706,1,1
63987,0,0
22528,0,0
51537,1,1
6368,2,0
53759,0,2
79571,1,1
27962,1,1
59873,0,0
27971,0,2
29402,2,2
59769,1,1
46481,1,2
77221,0,2
43257,0,0
49541,0,0
73550,0,2
32207,0,0
48916,1,1
61039,2,2
15896,2,1
54735,1,1
54966,0,0
29370,0,0
2432,1,1
49824,0,0
23150,2,2
74213,0,0
72324,0,2
57025,2,2
38388,1,1
55298,2,2
37976,0,2
41683,1,1
28570,1,1
23363,2,2
75413,1,1
27328,2,2
67352,0,2
39382,2,2
31408,0,0
35884,0,2
58260,1,1
4124,1,1
48838,1,1
46293,0,0
23026,2,2
60330,1,1
58680,2,0
48352,0,0
57012,2,2
26614,1,1
55655,1,2
68191,1,1
62868,1,1
62683,0,0
74030,1,1
71302,0,2
76781,1,1
39156,1,1
55300,0,0
48523,1,1
30906,2,1
28321,1,1
70819,2,2
10232,0,2
31137,0,0
37773,2,0
71505,1,1
62246,0,0
375,1,1
49544,1,1
67702,0,0
35347,0,2
26058,2,2
59105,1,1
73281,1,1
37802,1,1
77071,2,2
76237,1,1
76868,0,0
14357,1,1
5340,1,1
67283,2,1
114,0,2
45370,0,0
43434,1,1
45656,1,1
58126,0,2
81420,0,0
27333,0,0
56899,0,0
34967,2,1
23382,2,1
43323,1,1
50662,0,0
43032,0,0
74430,2,1
10069,1,1
65520,1,1
71885,2,0
74519,0,0
62260,2,2
61344,1,1
48340,0,0
16579,0,0
76995,2,2
65597,2,2
49132,0,0
102,0,0
36761,1,1
7953,2,1
77637,1,1
72822,0,0
47028,2,0
44228,0,0
51447,0,2
26772,2,0
8875,0,0
10751,1,1
12970,0,0
51832,0,0
77095,0,0
58335,1,1
42055,2,2
58815,0,0
58031,2,2
36622,0,0
30003,1,1
68428,0,0
2673,2,2
33070,1,1
67849,1,1
61081,1,1
81719,0,0
59312,0,2
9714,1,1
36520,2,2
63397,1,1
37858,1,1
45805,0,0
77375,1,1
29445,2,0
73718,2,2
59328,0,0
76541,0,2
25488,0,0
53231,1,1
49241,1,1
30195,2,0
56217,0,0
37240,0,0
64255,0,0
45438,1,1
53869,1,1
38352,0,0
10949,2,2
81041,2,1
65455,0,0
76233,0,0
35824,2,0
70354,0,0
52525,0,0
58848,1,1
78207,1,1
29015,1,1
49745,2,1
2698,1,1
61551,0,0
61122,0,2
70532,2,2
51627,2,1
64857,2,1
55492,2,1
72692,0,0
28078,2,2
70159,0,0
32890,0,2
13098,1,1
60325,1,1
72655,2,0
70837,0,2
71140,2,1
30315,2,1
64547,1,1
64164,2,0
71818,0,0
72287,1,1
29940,1,1
63462,1,1
12180,1,1
61592,2,2
22488,2,0
74320,1,1
65195,2,2
41533,0,0
5679,0,0
46125,0,0
23347,2,2
42868,1,1
37760,2,2
24908,2,0
65200,2,1
79347,1,1
26620,0,0
61336,1,1
47962,2,2
72812,1,1
66418,2,1
77352,1,1
79163,0,0
62001,0,0
44622,2,1
52432,2,1
44617,2,1
36024,2,2
29539,2,2
64750,0,0
60471,0,0
8128,0,0
69388,0,2
67837,2,2
70703,0,2
12518,0,0
63907,2,2
39100,0,0
27009,1,1
30262,1,2
75671,1,1
45952,0,0
66624,1,1
79403,1,1
34958,0,0
12188,0,0
68160,2,2
25267,1,1
31930,1,1
35309,2,2
80976,1,1
72639,0,2
69278,1,2
37532,0,0
2235,2,2
49462,2,2
51640,1,1
53722,2,1
63453,2,2
62353,1,1
51591,0,0
72689,2,0
77558,0,0
64343,0,0
12941,0,2
42973,2,0
69017,0,2
74710,0,2
74718,0,2
61340,1,1
36903,1,0
44113,1,1
39115,1,2
60038,2,0
26807,0,2
47897,0,0
26293,2,2
28425,2,2
9523,2,1
54005,1,0
38154,1,1
72861,1,1
62372,2,0
17710,0,0
50390,0,2
24492,2,2
30796,0,0
63187,1,1
61433,2,2
34517,1,1
10788,1,1
68911,2,0
63515,2,2
59815,0,0
24697,1,1
8302,0,2
28492,0,0
38425,0,0
25617,2,1
47723,0,0
59401,2,2
38415,2,2
56282,1,1
39550,2,2
25398,2,2
41696,0,2
17532,0,0
26184,0,1
38616,1,1
29232,1,0
51676,1,1
38793,0,0
48769,2,1
70897,1,1
6989,2,0
58983,2,0
59245,2,2
40700,2,0
44790,2,2
49669,1,1
12386,1,1
63774,2,2
60252,2,0
23307,1,1
49156,0,0
53539,0,2
35531,1,1
37372,2,1
44421,1,1
61818,0,0
25707,0,0
26462,0,0
69108,0,0
22331,0,0
54633,2,2
58035,1,1
46599,0,0
53557,1,1
77037,2,2
67571,2,2
9364,2,2
74702,0,0
64568,2,2
39203,0,0
71341,1,1
60519,1,1
55576,0,0
73274,1,1
25250,2,2
79907,1,1
39821,2,0
26004,0,0
24473,0,0
26128,2,1
44288,0,1
32512,0,1
39088,2,2
72578,0,0
60537,0,0
63965,1,1
76768,2,0
76075,1,1
35318,2,2
37250,2,1
52302,2,2
61630,2,0
25216,2,2
31374,2,2
58578,1,1
67992,1,1
24502,0,0
75001,1,1
51999,0,0
54623,0,0
52583,0,0
69709,2,2
74113,2,1
42355,2,0
76766,1,1
48561,0,0
72020,0,2
58347,1,1
45112,1,1
66612,0,2
48055,0,2
76543,0,0
76195,0,0
48081,2,2
67448,0,0
49516,2,2
44314,0,0
48673,2,2
57710,2,0
56285,2,2
41020,1,1
35823,2,0
40770,2,1
2886,1,1
25095,0,0
51164,0,0
27471,2,2
61310,2,0
26366,2,1
69684,0,2
14461,0,0
52704,2,2
10145,0,0
58158,1,1
77445,2,2
60350,0,2
52306,2,0
77091,1,1
49931,0,0
46741,0,0
28964,0,2
11241,0,0
51938,1,1
760,1,1
39701,0,0
62928,0,0
30713,2,2
79926,2,2
62754,1,2
74096,2,1
67416,0,0
77891,1,1
35168,0,0
70829,0,0
73934,1,1
64808,0,0
40761,0,2
63811,1,1
59017,0,0
56863,0,0
53355,0,2
61304,1,1
67897,2,1
34078,0,0
65551,1,1
28114,0,0
25853,2,0
42772,1,2
28954,0,2
72202,2,2
64080,0,0
32390,2,0
42662,1,1
59516,1,1
63672,1,1
63194,1,1
27263,0,0
79480,2,2
13161,1,1
79963,1,1
23311,2,1
55558,0,0
52619,1,1
70715,1,1
32508,0,1
53002,0,0
11406,1,1
27475,2,2
57584,0,2
69837,1,2
63596,1,1
73774,1,1
33881,2,1
54870,2,0
66071,1,1
25328,1,1
29543,2,0
68508,0,0
60578,2,0
53309,2,0
73113,2,0
62855,0,0
56878,1,1
48991,0,2
37935,1,2
1129,1,1
7778,1,1
69035,2,2
71185,1,1
44928,2,2
70231,1,1
32444,0,0
55,1,1
40731,0,2
69585,2,0
16515,0,0
4673,2,1
35401,1,1
34156,0,0
23194,1,1
30645,0,0
59629,2,2
75621,2,1
6500,2,2
32154,0,0
52526,0,1
42743,0,0
52926,1,2
58527,2,1
28597,0,0
44737,0,0
41016,0,2
72664,2,2
76989,0,0
76148,1,1
41590,0,1
74414,0,0
36363,2,0
61563,1,1
47335,2,2
23184,1,1
77494,1,1
61079,2,0
62499,0,0
7118,2,1
52754,1,1
47801,2,1
43341,0,0
49134,0,0
27608,0,0
262,1,1
70398,0,0
48629,2,2
69122,0,0
67784,2,0
60782,2,2
77270,1,1
24297,2,2
76817,0,2
33162,1,1
67538,0,2
58909,2,2
74453,1,1
53216,2,0
39713,2,0
70186,2,0
24735,2,1
35456,1,1
29837,1,1
45419,1,1
50815,2,2
49817,2,0
36112,1,1
33292,0,0
45239,0,0
43234,0,0
69259,0,0
66124,2,1
33911,2,0
52644,0,0
79057,1,1
33398,2,0
54220,2,0
47529,2,2
68370,1,1
50295,1,1
48591,1,1
56007,2,2
64266,0,0
222,0,0
64478,2,2
30128,0,0
47026,0,2
60582,2,0
51378,1,1
58471,2,0
56565,1,1
18967,0,0
71876,1,1
29051,0,0
8096,0,0
12744,1,2
51066,0,0
64016,0,0
15754,2,0
65903,1,1
69948,2,2
42443,2,0
50566,1,1
77478,2,2
44817,2,2
47271,0,0
72200,0,2
74641,1,1
26429,2,0
40915,2,2
8275,1,1
46010,2,0
28442,0,2
75295,0,2
46173,0,0
53376,1,1
32070,2,2
29208,0,0
38419,2,2
2193,1,1
44607,0,0
49723,2,2
39803,1,1
27924,1,1
63203,0,2
57415,2,0
44003,2,2
47263,0,0
18672,1,1
51211,0,2
28364,1,2
71639,0,0
49958,0,0
28335,0,0
58528,1,1
34912,0,0
75102,0,0
35367,1,1
34521,0,0
67747,0,0
35104,0,0
48881,2,2
77867,0,2
30832,0,0
34512,2,0
66699,1,1
53134,2,1
27097,2,0
44913,0,0
29528,2,0
25382,2,1
51517,1,1
72871,1,0
80433,1,1
57629,1,1
77085,1,1
11303,2,1
31689,2,1
17006,2,2
78043,2,1
73238,0,0
81689,0,0
76978,2,0
74944,0,2
54225,1,1
46649,1,2
39170,2,0
3029,2,2
25116,0,0
52269,1,2
8023,1,1
69970,1,1
56997,0,2
57400,0,0
9566,2,2
55654,0,0
64190,0,0
172,1,1
71201,0,0
70377,0,0
77536,0,2
66797,0,0
58407,0,2
59151,1,1
63621,1,1
71433,1,1
49240,1,1
18096,2,2
42277,1,1
68905,2,2
22291,1,1
35411,0,2
23881,0,0
30423,2,2
54641,1,1
73917,0,0
33068,1,1
51003,1,1
75328,2,0
1193,0,0
55550,0,0
61240,1,1
59473,0,0
27153,1,2
10577,2,0
65610,0,0
45007,2,0
11324,1,1
56929,2,2
35955,2,2
38174,0,0
44911,2,0
19971,1,2
69998,1,1
37572,0,2
51531,2,1
61780,0,0
70266,0,0
37972,0,0
48571,0,2
5561,0,0
46145,2,2
65437,2,2
24624,0,0
76336,2,2
33551,0,0
37486,0,0
70859,0,0
80736,0,1
45728,2,1
29110,1,1
31367,2,1
37088,0,0
21321,2,2
55054,1,1
46877,1,2
77340,1,1
5075,2,2
32128,2,1
23532,1,1
79370,0,0
46562,1,1
72763,2,2
74039,2,2
57168,0,2
27941,1,1
73956,1,1
41731,0,2
32311,2,0
57370,0,0
16357,1,1
71006,0,2
61910,1,1
58198,2,0
52021,0,0
45594,0,2
37739,0,0
64587,1,0
58856,2,0
22537,2,2
76944,2,1
65496,0,0
26157,2,0
26921,1,1
38070,1,1
53807,0,2
52039,1,2
52933,1,2
47204,0,0
35919,0,0
52960,1,1
2745,2,2
59699,1,2
49209,1,1
74495,2,1
34269,0,0
78814,2,2
57908,1,1
34713,1,1
74959,2,1
60348,2,2
47147,0,2
37438,0,0
37960,2,2
69920,0,2
32765,2,0
71686,1,1
59374,1,1
44701,1,1
5469,0,0
67711,2,0
49464,0,0
25491,0,0
11544,0,0
28210,0,2
32008,1,1
14304,2,2
59363,1,1
39527,2,0
73149,1,1
79515,2,1
41922,0,0
78847,2,1
62043,1,1
68676,0,0
72352,1,1
52322,2,1
30208,0,0
24622,0,0
74503,0,2
38015,0,0
68996,2,0
37573,0,0
60954,2,0
29170,0,0
49914,2,0
61511,2,0
522,0,0
57213,1,1
46357,0,1
34668,2,2
31803,1,1
49291,0,0
66564,0,2
12412,1,1
50476,1,1
25205,1,1
1596,1,2
22338,1,0
48660,1,1
30388,0,0
50915,1,1
68723,0,0
24540,1,1
33121,0,2
78178,0,0
48559,1,0
73573,2,0
68978,2,0
47674,1,1
48890,0,0
79905,2,1
76052,1,1
46987,2,2
46914,2,0
80001,2,0
32756,1,1
32251,2,2
49861,1,2
69523,0,0
42033,2,1
33653,1,1
18440,2,2
29856,2,0
79625,0,2
50783,2,2
63481,1,1
28616,0,0
63846,0,0
67436,2,0
66132,1,1
2176,0,2
54420,2,0
38829,0,0
4561,1,1
63634,0,2
327,0,0
20452,0,0
62455,0,0
80943,1,1
58047,0,0
55860,1,1
10310,1,1
28090,1,1
12815,2,1
63421,0,0
76060,1,1
42003,0,2
13917,1,1
67117,2,2
39646,0,0
67925,2,2
39630,2,2
61641,1,1
64752,0,0
30829,0,0
72461,0,0
38950,0,0
57477,0,0
17250,0,2
23074,0,0
44763,1,1
70654,1,1
63401,1,1
68809,0,2
67246,1,2
74507,1,1
23799,1,1
40568,1,1
35370,0,0
78219,1,1
68819,1,1
77407,0,2
67877,0,0
46417,1,1
62379,0,0
50545,0,0
19615,1,1
28299,2,0
50125,0,0
77627,1,2
78864,2,1
32930,0,0
28300,0,0
72096,0,0
68024,0,0
73030,0,0
41848,2,1
22718,0,2
60135,1,1
32925,0,0
57455,1,1
51860,0,0
56468,2,1
48976,0,0
68192,2,1
49078,2,2
38843,0,0
34374,2,2
46435,0,2
59727,0,0
21810,1,1
63974,0,0
36978,1,1
26903,1,1
72809,0,0
53165,0,2
24478,2,1
56141,0,0
48210,1,1
23851,0,2
63130,0,2
68929,0,0
45283,0,2
8817,0,1
62543,1,1
35084,1,1
32228,2,1
20168,2,2
59266,0,2
24388,2,1
49048,2,2
46801,0,2
65633,0,0
51580,2,0
61286,1,1
72658,2,0
53249,1,1
75831,0,2
48992,1,1
42867,1,1
64046,2,2
56506,1,1
7600,2,2
79947,2,2
37303,0,2
28104,2,1
35366,2,0
50035,1,1
36725,1,1
21913,0,0
45302,0,0
78627,0,0
2746,2,0
70357,0,0
30915,0,0
65900,0,0
11277,0,0
37628,1,1
41980,0,2
80504,2,1
61623,0,0
49732,1,1
33310,2,2
43639,0,2
29865,2,1
60598,0,1
49290,2,0
77892,1,1
78212,1,1
74738,1,1
68042,2,0
33807,1,1
67430,1,1
78060,2,2
79191,0,0
66320,1,1
58376,1,1
40567,0,0
63029,0,0
27464,2,0
57093,2,1
55227,2,0
36268,0,0
52447,1,1
58429,2,1
45014,0,0
68908,1,1
68725,1,2
73211,1,0
38746,0,0
79444,0,0
7182,0,2
48714,1,1
69831,0,0
54761,1,1
74873,2,0
53498,0,0
50419,0,2
60043,0,0
81786,1,1
48239,2,2
71338,0,0
287,1,1
56543,0,0
31123,2,2
25065,1,1
38105,1,1
41171,0,0
43208,1,1
77823,2,2
51935,2,0
53577,2,2
31905,1,1
45597,1,1
37472,0,0
78017,1,1
39642,0,2
30788,0,1
45984,2,2
26707,1,0
74457,0,0
25018,2,2
27273,2,1
69953,1,1
46643,1,1
31045,0,0
43214,0,0
49874,2,2
69455,0,0
24395,2,1
68066,0,0
23264,1,1
74886,2,2
55052,1,2
54883,0,2
17641,0,0
51336,1,1
28000,1,1
9494,2,1
2717,0,2
6890,2,1
64815,1,1
24878,2,0
35013,0,0
62187,0,0
9110,0,2
37144,2,0
38934,0,0
42784,2,1
54793,2,0
37340,2,0
43582,0,0
61758,2,2
24590,0,2
46196,1,1
30088,0,0
57406,0,0
67852,1,1
76147,0,0
34653,0,0
76168,2,2
57699,2,0
27415,1,1
65324,2,0
62569,0,2
47322,2,2
57493,0,0
32217,1,1
407,2,2
65686,0,0
8404,0,0
24290,2,2
25834,1,2
2802,2,2
38459,1,1
29802,0,0
48083,0,0
48994,1,1
72567,1,1
45534,2,0
39921,1,1
76064,2,0
64241,0,2
55851,0,0
41116,1,1
66106,1,1
70723,1,1
68132,2,0
73824,1,1
71603,2,2
24252,0,0
26316,0,0
45550,1,1
60024,1,1
79599,0,0
73382,1,1
5706,1,1
28171,1,1
33263,0,2
68069,1,1
17690,0,0
56290,1,1
79632,2,1
65397,2,2
52705,0,0
79487,0,0
72716,1,1
25669,0,0
32883,1,1
62881,0,0
52142,0,0
32605,2,0
57729,0,0
33134,2,0
23255,1,1
34575,2,2
34291,1,1
31035,1,1
66259,2,0
9455,0,0
58545,1,1
73271,2,2
42330,1,1
12632,2,1
30746,0,0
2685,2,2
34043,2,2
50579,2,2
50907,0,0
58855,1,1
584,2,0
17107,1,1
71405,1,1
63134,0,2
63248,1,2
51732,0,2
49655,0,0
43937,2,1
75006,1,1
68763,0,0
37061,0,0
56112,0,2
60800,0,0
70568,2,0
52427,0,0
26626,2,0
25640,2,1
72755,2,0
69379,0,2
66167,1,2
58702,0,0
57206,2,2
52043,1,1
17518,2,2
27370,2,2
36518,1,1
73354,1,1
35077,0,0
61606,1,2
56124,2,2
64655,0,0
74822,0,0
49546,2,0
40509,0,0
67629,1,1
34037,0,0
72404,2,0
30696,2,1
50172,2,2
38036,0,0
57241,2,0
10107,1,1
27469,0,0
33976,1,1
64075,2,2
63855,2,2
26495,2,1
79586,2,2
27994,0,0
23417,2,2
25101,0,0
10297,1,1
26059,0,2
74491,2,2
40949,2,0
9835,0,2
33468,1,1
65935,2,2
33528,1,1
72582,0,0
69116,1,1
26920,0,0
54250,1,1
25366,1,1
53533,0,0
47595,0,1
36973,0,0
68844,0,0
51807,1,1
50903,0,2
27264,2,2
30217,1,1
36816,0,0
58417,0,2
64311,0,0
51721,2,2
42842,1,1
80708,0,0
68611,0,2
33820,1,1
75367,1,1
12616,0,0
46379,0,0
60914,1,1
67886,0,0
33170,0,0
47589,2,2
9420,0,0
31308,2,1
63165,0,0
45462,1,1
42620,2,2
47925,2,0
72634,2,2
64970,2,0
9916,1,1
55775,1,1
59509,1,1
5084,1,1
78065,0,0
42400,1,1
22311,1,1
51616,0,2
33196,0,0
27805,1,1
38868,2,1
63162,1,1
73886,1,1
62291,1,1
18927,0,0
57445,1,1
81954,0,0
17446,2,2
49935,0,0
78869,0,0
36764,0,0
8583,0,2
69341,1,2
56880,2,2
6058,1,1
79020,0,1
57914,1,1
7451,1,1
47994,0,0
75415,0,0
51657,2,2
5035,1,1
48232,2,1
51939,0,0
47505,0,0
44116,1,1
63407,2,2
80411,1,1
1364,2,2
49145,2,0
49942,0,0
60884,0,0
53238,1,1
31250,1,1
67493,1,1
34276,1,1
37056,0,0
33537,0,2
67203,1,1
52239,0,2
31731,0,2
36502,0,0
48276,0,0
23001,1,1
65485,0,0
18406,1,1
32577,2,1
60364,1,2
30257,0,0
4057,1,1
77343,0,0
59224,2,0
59455,2,2
20600,1,0
59163,1,1
47318,0,0
20726,1,1
45621,0,0
197,2,2
5964,2,1
31984,2,1
27960,1,1
76489,2,2
58634,2,0
58692,1,1
39969,2,0
29337,1,1
77116,2,1
62332,0,1
75903,2,1
65952,2,0
55490,1,1
58612,0,0
28437,0,0
65463,0,0
74875,0,0
70827,0,0
55348,2,0
34596,2,2
70,1,0
39004,2,2
66461,0,0
49685,1,1
23423,1,1
73751,1,1
38546,0,0
29412,0,0
69501,2,1
72428,2,0
69945,1,1
66144,0,0
33619,0,2
58881,0,0
57298,1,1
68688,0,0
38732,1,1
76930,2,2
70767,0,0
19564,1,1
22895,1,1
27446,0,1
55487,1,1
30989,2,2
58174,0,0
1160,1,1
37435,1,1
57355,0,0
59082,1,1
71172,1,1
78791,2,2
68274,1,1
43305,1,1
7462,2,2
74652,1,2
69957,1,1
44659,2,0
58463,2,2
74616,1,1
55701,2,2
54896,0,0
54295,1,1
71640,0,0
75905,2,2
79931,0,2
75952,0,0
45566,0,0
65934,2,1
67609,0,0
48875,2,0
44639,1,1
29082,0,1
57832,1,1
71136,2,2
65231,1,1
20775,1,1
29929,1,2
79659,0,0
57765,2,2
16105,0,0
24191,2,2
32206,2,0
62581,2,2
46439,0,1
70309,0,0
22750,1,1
57,0,0
61667,0,0
47225,0,0
73194,0,0
28885,0,1
45313,1,0
53542,1,1
27737,2,0
77031,1,1
36475,2,2
73731,1,1
37815,0,2
48484,1,1
26753,1,1
58860,0,0
23758,2,0
51154,0,0
71161,2,2
65299,2,2
7801,0,0
70914,2,1
58915,1,1
1542,2,1
65797,2,1
56161,1,1
7758,2,1
244,1,1
65128,0,0
22001,2,0
61375,0,0
51060,0,0
81653,1,1
27761,0,2
59478,1,2
43539,2,2
50789,2,2
42340,0,0
46519,0,0
36382,1,2
66033,1,1
53428,1,1
61525,0,2
40011,0,0
74709,0,2
72494,1,1
54645,0,0
27379,1,1
74522,1,1
27873,0,1
39751,0,0
51417,0,0
26010,0,0
54671,1,1
52346,2,2
36235,1,1
30445,2,2
69738,0,0
12169,1,1
37938,2,0
62796,2,2
64501,0,0
64652,0,0
80507,0,0
74367,2,1
45303,1,1
17522,1,2
48034,0,0
74107,2,2
67610,2,2
2623,2,1
54160,0,0
57208,1,2
49674,1,1
61369,0,0
64361,0,0
67307,2,1
257,1,1
76025,0,0
61071,1,1
37531,0,0
42521,1,1
22931,2,1
70187,0,0
57890,1,1
24887,1,1
63779,2,0
71178,2,2
23364,0,0
41465,2,2
63694,1,2
22088,2,1
65147,2,2
36267,1,1
52664,1,1
55937,0,0
53952,2,1
18722,1,1
36779,2,1
1544,2,2
26371,1,1
30739,2,2
64712,1,1
64995,0,0
54936,2,2
72587,0,0
31967,0,0
72390,0,0
24966,2,2
44392,0,0
47560,2,1
44018,2,0
56253,0,0
38206,2,2
41177,0,0
69971,0,0
72047,1,1
66245,0,2
58409,2,0
66820,0,0
54140,1,1
58877,1,1
45321,0,0
23546,0,2
59419,1,1
70801,0,0
23294,1,2
58844,0,0
60172,0,0
73094,2,2
37982,1,1
77124,2,2
48490,2,0
33,1,1
67349,0,0
63410,0,0
15738,1,1
27902,2,2
46765,1,1
71023,1,1
53580,0,0
61859,2,2
23268,1,1
69089,1,1
77503,1,1
75268,0,2
67509,0,0
69522,0,0
51846,0,0
32699,2,1
10909,1,1
39977,2,2
39350,1,1
24597,0,0
48025,1,1
35253,0,0
42557,1,1
43164,1,1
24820,2,1
24115,2,2
51352,1,2
22478,2,0
23514,1,2
72834,2,0
60462,1,1
30612,2,2
61472,0,0
56017,0,0
28328,0,0
80133,0,0
34044,0,2
24802,2,0
38050,2,1
35591,1,1
78507,2,0
61123,2,1
24837,2,2
25529,0,0
67757,0,0
38821,2,2
65260,0,0
34659,2,0
67893,0,0
50472,0,0
28013,0,2
49764,2,1
70248,2,0
72617,1,0
79906,1,1
23644,0,0
52689,0,2
63005,1,1
79302,2,2
61537,0,0
61487,0,0
3405,2,1
53709,0,0
29786,0,0
37910,2,2
34639,0,2
51441,2,0
43498,1,1
58175,2,0
25739,1,1
13706,2,0
64116,2,0
72482,2,1
36944,2,0
64798,1,1
66112,0,0
28549,0,0
66460,0,0
29380,0,2
24598,2,2
33461,2,2
73119,2,0
24882,1,2
22211,0,0
59114,0,0
71645,1,1
33485,2,2
76677,2,2
29103,2,1
58208,0,0
72991,0,0
54710,1,2
76226,2,2
9285,0,2
50761,1,1
27252,1,1
57505,1,1
56162,0,2
42804,1,1
31782,1,1
22345,1,1
56293,0,2
30695,2,2
55856,2,2
21646,1,1
52459,1,1
64593,0,0
2328,2,2
71417,2,0
64262,2,2
45296,0,2
51605,2,1
13223,2,2
8187,0,0
72484,2,0
36526,1,1
64727,1,1
34475,0,0
73001,2,2
56612,0,0
30154,0,2
80611,2,2
6648,0,2
44348,1,2
58442,2,2
38656,0,0
26973,2,2
68161,2,0
49690,2,2
39224,0,0
41753,0,0
41092,2,2
37289,2,2
67070,2,2
5020,0,2
42816,0,0
50155,0,2
50501,2,1
14487,2,1
49925,2,2
58781,2,2
39440,0,0
75686,0,0
10980,1,1
44262,0,2
58632,0,0
60401,1,1
28085,0,0
73293,0,0
72947,0,0
8243,0,0
81119,2,2
58954,1,1
46689,2,2
78087,0,0
11799,0,0
59121,2,2
38118,0,0
24286,1,1
13629,0,0
57535,0,0
51563,0,0
72228,2,1
68065,2,1
70492,0,0
47736,0,0
23850,1,1
20118,2,2
42886,2,1
71525,0,0
58296,2,2
75050,0,0
55874,1,1
65540,2,1
32415,2,1
70600,1,1
33053,0,0
32840,0,2
30176,2,2
70108,0,0
31769,0,0
19602,1,1
37339,2,1
60538,2,1
54122,2,0
44551,0,0
54266,0,0
33509,0,0
38313,2,2
39289,2,2
32345,1,1
28075,1,1
48893,0,0
80060,1,1
3874,1,1
79315,1,1
57511,2,1
6612,2,1
42631,0,0
25743,2,2
76737,1,2
29291,0,0
48689,0,0
64701,0,0
78941,2,1
71837,2,2
33186,0,0
31705,0,0
12821,1,1
77066,2,1
66263,2,2
50272,2,0
30187,2,2
28746,1,1
76236,0,0
81905,2,2
65987,0,0
63799,2,2
51564,0,0
52254,2,2
53828,0,0
39500,0,0
21897,1,1
48014,0,0
82176,1,1
23394,1,1
71930,1,1
49661,0,0
35428,2,2
40058,0,0
23180,1,1
23660,2,0
71771,2,1
31573,1,2
27600,0,0
76922,2,1
49133,1,1
27745,0,0
64010,0,2
20692,1,1
68557,1,2
39508,2,1
50326,2,2
18405,2,0
34457,1,1
79973,1,1
24841,1,1
72284,2,0
79554,2,0
77262,1,1
23484,0,0
67935,2,2
26084,1,1
38169,2,2
68068,1,1
25571,2,2
71207,0,2
62359,1,1
80742,2,1
38699,0,0
23110,1,1
28340,2,2
46557,1,1
42370,1,1
56583,1,1
71558,2,2
30718,1,1
33157,1,1
59705,2,2
51335,2,2
35156,0,2
22649,0,0
41584,2,0
59468,2,0
69011,0,0
74771,2,2
72458,0,0
57382,2,2
29146,0,0
76741,0,0
7095,1,2
41491,0,0
73651,0,2
73121,1,1
64563,0,0
61076,0,0
47203,0,0
62471,2,1
70036,2,0
79308,1,1
70436,1,1
67648,0,0
81634,1,1
64653,0,2
59648,0,0
50906,2,1
26609,0,0
73087,1,1
58664,2,1
78129,2,2
62736,1,1
24327,1,1
50309,1,1
79284,0,0
9039,1,1
60712,2,1
65168,1,2
82010,1,1
47810,2,1
2300,2,2
58100,2,2
38710,0,0
79784,1,1
73739,2,2
80068,1,1
63091,2,2
32350,0,0
42717,0,0
54484,1,1
79166,0,0
37995,0,0
36576,0,0
60386,0,2
81627,2,1
78284,1,0
80147,1,1
70307,1,1
23456,0,1
55525,1,1
70294,0,0
11477,1,1
42837,1,1
56730,2,0
8082,1,1
69610,0,0
53009,1,1
81072,1,1
30254,0,0
82561,1,1
24138,0,0
73571,0,2
23679,2,2
58225,2,0
61978,1,1
3912,0,0
38404,2,2
47585,1,1
71234,0,0
59391,2,1
57339,1,2
21895,0,2
31839,1,1
72491,0,0
13295,1,2
16096,1,2
15958,2,0
59621,0,0
63346,1,1
69903,2,2
60587,1,1
58555,2,0
38986,2,0
5512,1,1
30951,0,0
56431,0,0
22264,0,0
36452,1,1
8308,1,1
51597,2,2
44838,1,1
58322,2,0
74795,0,0
22515,2,0
37382,2,2
48940,0,0
17659,2,2
15354,1,1
50966,0,0
58255,2,2
58535,2,0
45214,0,0
58600,1,1
18810,2,0
51897,2,1
31302,1,1
29654,2,1
68663,2,2
74135,2,1
77146,2,2
64017,0,0
38873,1,1
31120,0,2
46891,2,2
57514,2,0
60050,2,0
39939,0,2
48756,0,0
60798,0,0
47818,0,0
49190,0,0
32973,0,0
52855,0,0
34608,0,0
41758,2,0
77354,0,0
55173,2,1
33002,0,0
36579,0,0
74436,1,1
63044,0,0
43386,2,2
69137,2,2
77208,0,0
29461,0,0
72198,2,0
36022,0,0
52662,2,0
45801,2,0
23035,1,1
17888,1,1
53084,0,0
39305,2,1
75440,2,1
43340,2,2
41987,0,0
25206,1,1
25702,2,0
82901,0,0
69431,2,2
68435,0,0
30613,2,2
40055,2,0
21502,2,0
46913,2,2
74640,1,2
8525,2,2
38519,1,1
34729,2,2
42741,0,0
66720,1,1
23424,2,2
61566,0,0
31244,0,0
25349,0,0
19031,0,2
27067,0,2
38588,1,1
80861,1,1
56411,0,0
44866,2,1
35259,2,2
59931,2,0
23625,0,0
65297,0,1
42511,2,0
34883,0,2
54006,1,1
34306,2,1
56016,2,1
64415,0,0
71482,1,2
49930,0,2
42777,1,1
29878,0,0
65931,2,1
66369,2,2
33818,2,2
48011,1,1
3329,1,1
58258,1,1
78255,2,0
47953,0,0
71593,0,0
69481,0,0
33824,0,0
47150,0,0
5120,0,0
24859,1,1
52314,0,0
50942,0,0
12276,2,1
70574,0,0
22398,0,0
11004,1,1
49803,1,1
76014,1,1
77472,1,1
63918,2,2
29182,2,2
76358,1,1
46059,1,1
41173,0,0
63054,2,0
36368,0,0
55780,2,2
81995,2,1
73819,1,1
41759,0,0
73770,0,0
3323,0,0
52963,1,1
60339,2,2
26786,0,0
40309,0,0
67087,0,0
28883,0,2
60119,2,1
26099,1,1
51501,1,1
38549,0,2
34321,1,1
45523,0,0
46301,1,1
48056,0,0
68690,1,1
76468,2,0
74576,1,1
36971,0,0
30468,1,1
61936,2,1
47013,1,1
26112,2,1
70743,1,1
67326,1,1
72712,0,0
39659,1,1
34994,1,1
75825,2,0
23970,1,2
38700,0,0
66632,0,0
45727,0,0
74871,0,2
75836,0,0
62135,0,0
34085,0,2
34558,2,0
35831,0,0
73342,2,1
61636,0,2
62866,0,1
35269,0,0
67447,0,2
12048,1,1
63654,0,0
5453,0,0
58365,2,1
48888,0,0
29381,0,0
33777,1,1
67649,1,1
79014,2,2
25108,0,2
79968,2,1
48827,2,2
73056,0,0
21709,1,1
67391,1,1
63960,0,0
80915,2,0
54080,2,2
51233,1,1
28770,0,2
41675,0,2
36486,2,2
53304,0,2
20871,0,1
64297,2,1
78498,1,1
39884,0,2
71292,0,2
10957,1,1
26400,2,0
77443,0,0
42243,2,1
52992,2,2
71022,0,0
42916,1,2
79946,2,2
45729,2,2
60284,1,1
59664,2,2
31145,0,0
35885,0,0
69999,0,0
29979,0,0
47274,0,0
47131,0,0
72485,0,0
45983,2,0
78477,0,2
74004,0,2
32032,1,1
26598,0,2
72373,1,1
67712,1,1
60228,0,0
72235,1,1
36607,2,2
49050,0,0
35843,2,0
33073,2,2
50929,1,1
66524,2,1
21692,1,1
64923,2,0
59099,1,1
29109,0,0
43351,2,0
23548,2,0
63383,0,0
47135,1,1
80932,2,1
51632,0,0
14296,1,1
54644,0,2
32945,0,0
50905,2,2
72533,1,1
26159,1,1
27256,0,0
40690,2,1
52688,2,2
74627,0,0
48859,2,2
41942,0,0
54868,1,1
48897,0,0
8230,1,1
36788,0,0
66745,2,1
45600,0,0
16360,0,0
38564,2,2
81679,1,1
35992,0,2
71091,0,0
46577,0,0
5257,2,2
69693,0,2
10658,2,0
63642,0,2
59857,1,1
48264,2,2
29060,0,0
70544,2,0
28405,0,0
9514,1,1
45503,0,0
72632,2,0
5304,1,1
82345,1,1
22686,2,1
62603,0,2
26636,0,0
39256,1,1
41635,1,2
50406,0,0
54744,0,0
23357,0,0
45575,2,2
34133,1,1
51529,1,2
64629,0,0
76838,2,1
28919,0,0
27638,0,2
79582,0,0
22611,0,2
52421,2,0
24302,0,0
76840,2,2
47180,1,1
36404,1,1
77436,2,0
37649,0,0
64689,2,0
75276,2,1
57048,0,0
71407,2,2
73767,0,2
25112,1,1
77959,1,1
57895,1,1
74435,1,1
36673,1,1
59334,0,0
23874,2,2
55471,2,2
33379,1,1
18887,2,0
45397,1,1
77565,0,0
52652,2,0
64607,1,1
26208,2,0
77350,2,1
31138,1,1
45924,0,0
44995,1,1
47653,2,2
78289,2,0
62354,2,2
69993,0,0
54831,1,1
71395,0,0
11790,1,1
77762,1,1
22614,1,2
58969,0,0
63252,1,1
23207,2,2
12637,1,1
49916,0,0
49733,2,2
38778,1,1
30386,0,0
3638,2,2
30921,2,0
38142,1,1
38848,1,1
38714,1,1
4778,1,1
11811,1,1
72089,2,2
80100,1,1
41500,2,2
46790,0,0
38651,0,0
68546,2,1
5360,1,2
41646,0,0
50128,0,2
28614,1,1
74638,1,1
35466,0,0
15048,1,1
65453,0,0
28468,0,2
27719,2,2
51393,0,2
37533,2,1
65124,0,0
30721,0,0
56202,1,1
26188,0,0
58074,1,2
56475,0,0
2805,0,2
70513,2,2
76085,2,2
66297,2,2
71000,0,0
59294,2,2
61167,0,0
57518,1,1
25343,0,0
49917,0,0
66683,1,1
74898,2,0
70857,2,1
50681,0,0
72444,0,2
39930,0,0
44729,0,0
44885,1,1
72506,0,2
8741,1,2
48645,1,1
79160,1,1
48539,1,1
49575,2,0
60709,0,0
79395,1,2
71336,1,1
44769,2,0
72405,0,2
66811,1,1
50539,2,2
47495,0,0
44197,0,0
54486,0,2
45071,0,0
41253,2,2
56043,1,2
7073,0,0
25797,2,0
28301,0,2
43289,2,2
7224,2,0
55219,0,2
11503,1,1
51526,1,0
8830,1,1
35526,1,1
23433,0,0
74022,1,1
79380,1,1
30835,2,0
69240,1,1
27396,0,1
7878,2,1
11205,1,1
33972,1,1
60826,1,1
40319,2,2
76812,0,0
24267,1,1
36072,0,0
64217,2,0
56218,2,0
59263,0,0
71601,2,2
18504,2,2
62913,2,2
60080,2,2
36420,1,1
26120,1,1
72142,0,0
52229,0,0
71321,0,2
52847,1,1
54319,0,0
37645,1,1
28228,2,2
24210,0,0
71254,0,0
36584,0,0
55527,0,0
68285,1,1
23271,0,2
4097,2,0
71934,0,0
77459,2,2
28450,1,2
52902,0,0
41364,2,0
22304,2,1
51138,2,2
35595,0,0
47596,1,2
74112,2,2
80753,0,0
54714,2,1
76540,2,2
47374,2,2
45909,0,0
39555,2,0
75768,0,0
24479,0,2
24934,0,0
59434,1,1
45435,2,1
45011,2,0
17072,0,0
67006,2,2
61662,0,0
45670,0,0
35815,0,1
77912,1,1
74398,0,0
34448,1,1
61442,0,0
59414,2,1
61526,1,1
61885,2,2
40740,0,0
58121,1,1
76856,1,1
78599,1,2
36460,0,2
81403,0,0
36076,1,1
33647,2,1
36642,0,0
47665,2,1
34508,0,0
34430,2,0
63819,0,2
24720,1,1
63964,0,0
41350,2,1
20547,1,1
30199,2,2
55578,0,0
20537,0,0
54057,1,1
39766,1,1
74786,2,2
38155,0,0
78386,0,0
68439,0,0
55928,1,1
56193,0,0
64650,0,0
62607,1,2
8313,1,1
1340,0,0
28682,0,0
70924,0,0
72330,0,0
51135,2,0
76703,0,0
24800,2,1
74567,0,0
15171,0,0
51733,1,1
65913,2,2
35768,2,1
67213,2,0
58743,2,1
26421,1,1
25131,1,1
70386,2,2
67608,0,0
43209,1,1
78645,0,0
21713,0,0
81430,0,2
60465,0,0
46856,2,2
66689,0,0
51586,0,0
53694,1,2
36491,0,2
69126,2,1
13786,0,0
78125,2,0
40820,2,0
61209,0,0
3304,1,1
59923,0,0
50086,2,2
63256,2,1
66775,2,2
65041,2,2
63818,0,0
70514,0,2
71170,1,1
23328,0,0
32199,0,0
41162,0,0
70125,0,2
32538,2,1
68621,2,2
52155,1,1
36093,1,1
37558,1,1
36137,2,1
43189,1,1
79791,2,2
76742,2,2
69702,0,0
72808,0,0
60321,1,1
26650,0,0
27969,2,2
68345,0,0
32291,0,0
77781,2,1
5631,1,1
12469,1,2
39153,2,2
50766,2,0
35555,0,0
74952,1,1
77487,2,1
45394,1,1
25378,1,1
26632,0,0
25589,0,0
42010,2,2
80179,0,2
52244,2,1
4732,1,1
73393,0,0
44337,1,1
30024,2,0
43433,0,1
21701,1,2
50573,1,2
72794,0,2
57273,0,0
48511,2,2
53945,2,0
62432,1,1
71484,1,1
24289,2,2
80860,0,0
31450,1,1
59293,1,2
59896,2,2
42494,0,0
55519,2,2
80832,0,0
49532,0,2
67592,0,0
67424,2,0
64572,0,0
58675,0,0
81356,2,0
12095,2,2
39732,0,2
70075,0,2
9,2,1
25030,0,0
69214,1,1
48723,1,1
22160,1,1
49228,0,2
71191,0,0
45312,1,1
46288,1,1
52226,0,0
56643,2,1
34056,0,0
32982,2,2
57545,0,0
55589,0,0
45972,2,0
54431,2,2
63636,0,2
71988,0,2
64245,1,1
53041,1,1
59287,0,2
61062,2,0
59203,0,2
77510,2,0
45839,0,0
44465,0,0
70518,2,2
1443,2,0
65379,2,2
58021,0,2
59889,2,2
61597,1,1
9653,0,0
58392,2,1
77020,0,0
27765,0,0
72476,0,0
36692,1,1
63390,1,1
67762,2,2
75076,1,1
56668,0,0
58846,0,0
59175,0,0
23553,2,1
30768,0,1
48228,0,0
54167,1,1
74844,1,1
30763,1,1
16431,2,2
54177,0,0
35700,0,0
70637,0,0
50542,1,1
60791,2,2
74996,1,1
30673,0,0
66932,2,2
77094,2,2
4121,1,1
56111,2,2
49311,0,0
23439,0,0
57277,0,0
24773,1,1
63844,1,1
43021,0,0
40995,0,1
41641,0,0
74334,0,2
70982,0,0
69603,0,0
62977,0,0
47719,1,2
34507,0,0
51068,1,1
3952,2,2
30657,2,0
46694,0,0
65896,2,2
75487,2,0
26749,0,2
67654,2,0
44498,0,0
53935,1,1
56366,1,2
2297,0,0
41256,0,0
72614,2,2
45732,2,1
32325,0,0
29003,2,2
9132,0,0
25519,2,2
72586,2,2
58921,1,1
48262,0,2
68811,2,0
39423,0,0
56509,0,0
41293,0,0
61211,1,2
63656,0,0
60389,0,0
70219,1,1
1126,1,0
50997,2,2
41003,1,1
78404,1,1
49365,0,2
5186,0,0
25918,0,1
58066,2,2
74614,0,2
22924,1,1
13625,0,0
72690,0,0
38552,2,2
81140,1,1
35511,0,0
40604,1,1
78310,0,2
36334,2,2
16985,0,0
56630,0,2
39349,1,1
34309,2,0
53684,1,1
38867,0,0
30283,2,1
58871,2,0
66659,2,1
34393,2,2
49640,1,2
44289,0,1
26826,0,0
67092,1,1
49649,1,1
73486,0,0
31679,0,0
9325,2,2
4167,1,1
27022,2,2
74594,2,2
33420,2,2
67034,1,1
29374,0,0
54301,0,0
66202,0,2
166,0,0
32917,1,1
29834,2,2
34861,2,1
65514,1,1
68927,1,1
59421,0,0
73543,1,1
36417,0,0
15525,1,1
76304,1,1
56429,2,1
42894,0,2
46991,0,0
69939,2,1
36966,1,1
73038,0,0
54938,2,1
57420,0,0
59103,2,0
54964,0,2
29947,0,0
77320,1,1
75802,2,2
25435,0,0
57774,0,0
64363,1,0
26430,2,2
67591,0,0
42104,0,0
55199,2,2
44679,0,0
15797,2,2
52865,0,0
63157,0,0
48541,2,0
49451,1,1
5368,1,2
21625,2,2
15033,1,1
16330,0,0
47892,0,0
26718,2,2
27892,1,1
44062,2,1
42318,2,0
25187,0,0
8639,2,0
59206,2,0
67073,0,0
72101,0,0
65722,2,1
62451,2,0
41722,0,0
28561,2,2
25040,0,0
70202,0,2
2335,0,2
23955,0,2
26659,2,1
29163,0,0
75586,2,0
75964,1,1
75728,1,1
56086,2,2
33094,0,0
46260,2,1
60640,1,1
57003,2,1
77543,1,1
55221,2,0
48269,2,0
62003,1,1
19726,0,2
53809,1,1
81501,1,1
41213,0,0
71179,1,1
62425,0,0
67001,1,1
33330,2,2
25804,0,0
7690,0,0
57388,0,0
32098,1,1
77132,0,0
60042,2,0
24862,0,0
22858,1,1
70191,0,0
43438,1,2
48426,0,0
68343,2,2
50744,0,0
71610,0,0
33725,2,2
2461,1,1
48970,0,0
26172,0,0
28154,0,0
68995,1,1
20484,2,2
39160,1,1
74244,0,0
33670,2,2
32119,2,2
67760,1,1
48974,0,0
518,0,0
36169,1,1
72145,2,0
29227,0,0
70694,1,2
76773,1,1
42195,1,1
66283,1,1
69238,2,2
5354,2,0
70143,0,0
64233,0,0
32057,0,2
49304,1,1
39434,1,1
36182,0,0
68606,1,1
27094,2,0
33231,0,0
7634,2,0
22516,1,1
46053,1,1
64548,2,1
35043,2,0
78719,0,0
53674,1,2
36795,1,1
6098,2,0
65181,0,0
61470,0,0
51527,1,1
25955,2,2
22171,0,0
3633,2,1
17248,2,1
56315,2,2
61870,0,0
28374,2,0
31643,2,2
33504,2,2
53630,0,0
23575,0,2
49167,2,0
35165,2,2
56614,0,2
51573,1,1
62100,2,2
50370,1,1
61467,0,0
34219,0,0
64646,2,1
28380,2,0
75453,1,1
61074,0,0
72097,2,0
52991,0,0
29552,0,0
69629,0,0
18998,1,1
46018,2,2
37146,1,1
60360,1,1
22772,2,2
58083,0,0
25163,1,1
36376,0,0
35736,0,2
4363,1,1
71633,2,1
63241,2,0
28279,0,2
54411,2,2
29571,2,0
28387,0,0
15396,1,1
74590,0,0
62910,0,0
40161,0,0
18455,1,1
43693,1,2
57537,1,1
12161,0,2
60253,1,1
64124,2,2
53131,1,1
58270,2,2
40634,2,1
56115,2,2
45251,2,2
53904,2,0
57766,1,1
23528,0,0
44905,0,0
75374,1,1
27324,2,2
55065,0,2
37261,1,1
37074,2,2
50041,2,1
64785,0,0
80070,0,0
25630,1,1
70590,2,0
19365,2,2
54668,0,0
58097,2,2
32789,1,1
73617,0,0
59687,0,0
48774,1,1
71830,2,2
59634,2,2
28235,0,0
61634,2,2
35819,0,0
63237,2,1
64210,2,1
34676,0,0
48141,0,0
40671,1,1
49383,2,1
18602,0,0
42465,1,1
26680,0,0
51400,0,2
55013,0,0
52570,0,0
49303,1,1
61603,0,0
77466,1,1
74505,2,2
58964,0,0
53250,2,2
41028,2,2
28940,2,0
26100,2,1
69415,2,2
13578,2,0
71297,1,1
58374,1,1
40805,0,0
20653,2,1
65635,0,0
38510,2,0
22252,1,1
50404,0,1
15580,0,0
4400,2,1
68003,1,1
71893,1,1
47889,0,0
69516,2,1
18540,2,2
61463,1,1
33838,1,0
50912,1,1
56584,2,2
58362,2,2
62363,0,0
28626,2,0
4753,1,1
74843,0,0
48289,2,2
75193,2,2
68790,0,0
72441,1,2
27550,1,1
10496,2,2
46677,0,0
71948,2,2
23809,2,1
70753,0,0
66565,1,1
54782,1,1
59424,0,0
41583,1,1
35933,0,2
37956,1,1
